TF,Target,score,e_type
DLX2,DNAJC9,0.8245952725410461,1
DLX2,ZBTB3,0.8245601058006287,1
NR1H2,DNAJC9,0.8243934512138367,1
NR1H2,ZBTB3,0.8243582248687744,1
DLX2,PYM1,0.8243560194969177,1
DLX2,ART3,0.8243070840835571,1
DLX2,PCDH11X,0.8242228627204895,1
MAFB,DNAJC9,0.8242065906524658,1
NR1H2,PYM1,0.8241792917251587,1
MAFB,ZBTB3,0.8241697549819946,1
NR1H2,ART3,0.8240897059440613,1
NR1H2,PCDH11X,0.8240570425987244,1
SCRT2,DNAJC9,0.8240005373954773,1
DLX2,CFAP58,0.8239767551422119,1
MAFB,PYM1,0.8239684700965881,1
SCRT2,ZBTB3,0.8239625096321106,1
SCRT1,DNAJC9,0.8239463567733765,1
MAFB,ART3,0.8239114284515381,1
TCF4,DNAJC9,0.8239080905914307,1
SCRT1,ZBTB3,0.8239076733589172,1
TCF4,ZBTB3,0.8238679766654968,1
MAFB,PCDH11X,0.8238415718078613,1
NEUROD2,DNAJC9,0.8238003849983215,1
NR1H2,CFAP58,0.8237787485122681,1
KLF6,DNAJC9,0.8237636685371399,1
NEUROD2,ZBTB3,0.8237617611885071,1
SCRT2,PYM1,0.8237342238426208,1
KLF6,ZBTB3,0.8237258195877075,1
SCRT2,ART3,0.8237221837043762,1
DLX6,DNAJC9,0.8236773610115051,1
SCRT1,PYM1,0.8236714005470276,1
SCRT1,ART3,0.8236708045005798,1
DLX2,YIPF3,0.8236446380615234,1
DLX6,ZBTB3,0.8236381411552429,1
TCF4,ART3,0.8236372470855713,0
TCF4,PYM1,0.8236132264137268,1
GLIS2,DNAJC9,0.8235968947410583,0
SCRT2,PCDH11X,0.8235923647880554,1
MAFB,CFAP58,0.8235833048820496,1
GLIS2,ZBTB3,0.8235579133033752,1
MEF2C,DNAJC9,0.8235387802124023,1
SCRT1,PCDH11X,0.8235290050506592,1
NEUROD2,ART3,0.8235251903533936,1
NEUROD2,PYM1,0.8235244154930115,1
POU3F4,DNAJC9,0.8235109448432922,1
MYT1L,DNAJC9,0.8235070109367371,1
MEF2C,ZBTB3,0.8235035538673401,1
KLF6,PYM1,0.8234992623329163,1
KLF6,ART3,0.8234838843345642,1
TCF4,PCDH11X,0.8234788775444031,1
POU3F4,ZBTB3,0.8234721422195435,1
DLX2,NEK2,0.8234685063362122,1
MYT1L,ZBTB3,0.8234662413597107,1
NR1H2,YIPF3,0.823453426361084,1
DLX2,BUD31,0.8234156370162964,1
DLX6,ART3,0.8234049677848816,1
DLX6,PYM1,0.8233923316001892,1
NEUROD2,PCDH11X,0.8233815431594849,1
SCRT2,CFAP58,0.8233687281608582,1
KLF6,PCDH11X,0.8233653903007507,1
POU3F2,DNAJC9,0.8233625888824463,1
DLX2,NPRL2,0.8233564496040344,1
GLIS2,ART3,0.8233236074447632,1
POU3F2,ZBTB3,0.8233236074447632,1
ETV6,DNAJC9,0.8233174085617065,1
GLIS2,PYM1,0.8233134150505066,1
SCRT1,CFAP58,0.823312520980835,1
FOXN2,DNAJC9,0.8233101963996887,1
MEF2C,PYM1,0.8232967257499695,1
ETV6,ZBTB3,0.8232780694961548,1
NR1H2,NEK2,0.8232766389846802,1
GLIS3,DNAJC9,0.8232766389846802,1
SMARCC2,DNAJC9,0.8232724666595459,1
DLX1,DNAJC9,0.8232713937759399,1
FOXN2,ZBTB3,0.8232701420783997,1
TCF4,CFAP58,0.8232688307762146,1
NR1H2,BUD31,0.8232616186141968,1
MEF2C,ART3,0.8232529163360596,1
DLX6,PCDH11X,0.8232507109642029,1
MAFB,YIPF3,0.8232501745223999,1
GLIS3,ZBTB3,0.8232417702674866,1
MYT1L,ART3,0.8232415914535522,1
POU3F4,ART3,0.8232393264770508,1
SMARCC2,ZBTB3,0.823233425617218,1
DLX1,ZBTB3,0.8232306241989136,1
POU3F4,PYM1,0.8232253789901733,1
DLX2,LRRD1,0.8232063055038452,1
MYT1L,PYM1,0.8232032060623169,1
GLIS2,PCDH11X,0.8231752514839172,1
NEUROD2,CFAP58,0.8231674432754517,1
NR1H2,NPRL2,0.8231672048568726,1
MEF2C,PCDH11X,0.8231569528579712,1
DLX2,NKX2-2,0.8231490254402161,1
KLF6,CFAP58,0.8231340646743774,1
DLX2,JAKMIP3,0.8231146335601807,1
POU3F2,ART3,0.8231044411659241,1
DLX2,IQCD,0.8230960965156555,1
POU3F4,PCDH11X,0.8230822086334229,1
MAFB,NEK2,0.8230748772621155,1
ELF4,DNAJC9,0.8230709433555603,1
POU3F2,PYM1,0.8230587840080261,1
MYT1L,PCDH11X,0.8230568766593933,1
DLX2,EPDR1,0.823051393032074,1
ETV6,ART3,0.8230475783348083,1
NR1H2,LRRD1,0.8230418562889099,1
DLX6,CFAP58,0.8230409026145935,1
FOXN2,ART3,0.8230385184288025,1
GLIS3,PYM1,0.8230322599411011,1
SCRT2,YIPF3,0.8230311870574951,1
ELF4,ZBTB3,0.8230293393135071,0
MAFB,BUD31,0.8230275511741638,1
ETV6,PYM1,0.8230261206626892,1
FOXN2,PYM1,0.8230206966400146,1
DLX2,ADIPOR2,0.823019802570343,1
DLX2,ITGA10,0.8230136632919312,1
HMBOX1,DNAJC9,0.8230105042457581,1
DLX1,ART3,0.823009729385376,1
SMARCC2,ART3,0.8230040073394775,1
GLIS3,ART3,0.8229901790618896,1
KLF3,DNAJC9,0.8229857087135315,1
E2F5,DNAJC9,0.8229854702949524,1
SMARCC2,PYM1,0.8229787349700928,1
NR1H2,NKX2-2,0.8229721188545227,1
SCRT1,YIPF3,0.8229712843894958,1
HMBOX1,ZBTB3,0.8229697346687317,1
GLIS2,CFAP58,0.8229639530181885,1
NR1H2,JAKMIP3,0.8229633569717407,1
MAFB,NPRL2,0.8229628801345825,1
TFE3,DNAJC9,0.8229618072509766,1
DLX1,PYM1,0.8229599595069885,1
E2F5,ZBTB3,0.8229478001594543,1
KLF3,ZBTB3,0.8229452967643738,1
DLX2,PEG10,0.8229377865791321,1
NR1H2,IQCD,0.8229357004165649,1
TFE3,ZBTB3,0.8229209780693054,1
MEF2C,CFAP58,0.8229174613952637,1
POU3F2,PCDH11X,0.8229140639305115,0
TCF4,YIPF3,0.8229137063026428,0
SOX2,DNAJC9,0.8229102492332458,0
GLIS3,PCDH11X,0.8229026794433594,1
DLX2,SLC38A7,0.8228931427001953,1
ETV6,PCDH11X,0.8228850364685059,1
NEUROD1,DNAJC9,0.8228809237480164,1
POU3F4,CFAP58,0.8228772878646851,1
FOXN2,PCDH11X,0.8228747248649597,1
NR1H2,EPDR1,0.8228744864463806,1
KLF2,DNAJC9,0.8228735327720642,1
SOX2,ZBTB3,0.8228691816329956,0
MYT1L,CFAP58,0.8228651285171509,1
NR1H2,ADIPOR2,0.8228635191917419,1
SCRT2,NEK2,0.8228532075881958,1
NR1H2,ITGA10,0.822852611541748,1
NEUROD1,ZBTB3,0.8228433132171631,1
SMARCC2,PCDH11X,0.8228412866592407,1
DLX2,IGF1,0.8228340744972229,1
KLF2,ZBTB3,0.8228325247764587,1
NEUROD2,YIPF3,0.822826087474823,1
ELF4,ART3,0.8228124976158142,1
ELK3,DNAJC9,0.8228117227554321,1
DLX1,PCDH11X,0.8228111863136292,1
MAFB,LRRD1,0.8228065967559814,1
SCRT1,NEK2,0.8227944374084473,1
KLF6,YIPF3,0.8227936029434204,1
KLF8,DNAJC9,0.8227734565734863,1
ELK3,ZBTB3,0.8227699995040894,1
DLX2,2310011J03RIK,0.8227685689926147,1
DLX2,ESR2,0.8227655291557312,1
NR1H2,PEG10,0.8227636218070984,1
SCRT2,BUD31,0.8227564692497253,1
DLX2,TMEM116,0.8227553367614746,1
ELF4,PYM1,0.8227500319480896,1
HMBOX1,ART3,0.8227495551109314,1
MAFB,NKX2-2,0.8227474689483643,1
TCF4,NEK2,0.8227447271347046,0
BCL11B,DNAJC9,0.8227348923683167,1
SCRT2,NPRL2,0.8227342367172241,1
KLF8,ZBTB3,0.8227317333221436,1
MAFB,JAKMIP3,0.8227287530899048,1
DLX2,ESS2,0.8227269649505615,1
POU3F2,CFAP58,0.8227235674858093,1
DNAJC21,DNAJC9,0.8227232694625854,1
HEY2,DNAJC9,0.8227205872535706,1
DLX2,WSCD1,0.8227142095565796,1
E2F5,PYM1,0.8227130174636841,1
KLF3,ART3,0.8227128982543945,1
E2F5,ART3,0.8227105736732483,1
DLX2,USP27X,0.8227100968360901,1
NR1H2,SLC38A7,0.8227092623710632,1
MEF2A,DNAJC9,0.8227065205574036,0
MAFB,IQCD,0.8227048516273499,1
TFE3,ART3,0.8226999044418335,1
HMBOX1,PYM1,0.8226955533027649,1
KLF3,PYM1,0.8226946592330933,1
DLX6,YIPF3,0.8226946592330933,1
BCL11B,ZBTB3,0.8226932287216187,1
ZFP148,DNAJC9,0.8226913809776306,1
SCRT1,BUD31,0.8226876854896545,1
ETV6,CFAP58,0.8226831555366516,1
DNAJC21,ZBTB3,0.8226816058158875,1
HEY2,ZBTB3,0.8226786255836487,1
SCRT1,NPRL2,0.8226748108863831,1
DLX2,TRPC3,0.8226745128631592,1
FOXN2,CFAP58,0.8226715922355652,1
MEF2A,ZBTB3,0.8226656317710876,0
GLIS3,CFAP58,0.8226636052131653,1
NR1H2,IGF1,0.8226566910743713,1
SOX2,ART3,0.8226535320281982,0
MAFB,EPDR1,0.82265305519104,1
NR1H4,DNAJC9,0.822650134563446,1
TFE3,PYM1,0.8226494193077087,1
NEUROD2,NEK2,0.8226491808891296,1
ZFP148,ZBTB3,0.8226486444473267,1
SMARCC2,CFAP58,0.8226410150527954,1
PAX3,DNAJC9,0.8226363658905029,1
MAFB,ADIPOR2,0.8226323127746582,1
DLX1,CFAP58,0.8226277828216553,1
TCF4,NPRL2,0.8226272463798523,1
TCF4,BUD31,0.8226258754730225,1
KLF6,NEK2,0.8226190209388733,1
GLIS2,YIPF3,0.8226162791252136,1
KLF2,ART3,0.8226158022880554,1
NEUROD1,PYM1,0.8226129412651062,1
HSF2,DNAJC9,0.8226121664047241,1
MAFB,ITGA10,0.8226093053817749,1
NR1H4,ZBTB3,0.8226089477539062,1
NR1H2,ESR2,0.8226067423820496,1
NR1H2,2310011J03RIK,0.8226065039634705,1
ELF4,PCDH11X,0.8226032257080078,1
POU6F1,DNAJC9,0.8226021528244019,1
NEUROD1,ART3,0.8225991129875183,1
NR1H2,TMEM116,0.8225977420806885,1
PAX3,ZBTB3,0.8225950002670288,1
DLX2,PGBD1,0.8225898742675781,1
MEF2C,YIPF3,0.8225888609886169,1
SOX2,PYM1,0.822585940361023,1
E2F5,PCDH11X,0.8225783705711365,1
NFIB,DNAJC9,0.8225764036178589,1
HSF2,ZBTB3,0.8225700259208679,1
NR1H2,ESS2,0.8225697875022888,1
POU6F1,ZBTB3,0.8225632905960083,1
NR1H2,WSCD1,0.8225621581077576,1
KLF3,PCDH11X,0.8225550651550293,1
ELK3,ART3,0.8225544691085815,1
KLF2,PYM1,0.8225515484809875,1
HMBOX1,PCDH11X,0.822551429271698,1
DLX2,DYRK1B,0.8225494623184204,1
SCRT2,LRRD1,0.8225489854812622,1
DLX2,USP31,0.8225425481796265,1
DLX2,DOCK10,0.8225425481796265,1
NEUROD2,BUD31,0.822541356086731,1
MAFB,PEG10,0.8225396275520325,1
NR1H2,USP27X,0.822536826133728,1
DLX2,CCSAP,0.8225359320640564,1
KLF6,BUD31,0.8225340843200684,1
NFIB,ZBTB3,0.8225332498550415,1
POU3F4,YIPF3,0.8225318789482117,1
NEUROD2,NPRL2,0.8225296139717102,1
NR2F1,DNAJC9,0.822528600692749,1
DLX2,LEPR,0.8225247263908386,1
DLX6,NEK2,0.8225200176239014,1
KLF8,ART3,0.8225144743919373,1
MYT1L,YIPF3,0.8225140571594238,1
TFE3,PCDH11X,0.8225051164627075,1
KLF6,NPRL2,0.8225037455558777,1
NR1H2,TRPC3,0.8224971294403076,1
SCRT2,NKX2-2,0.8224954605102539,1
NR2F1,ZBTB3,0.8224868774414062,1
ELK3,PYM1,0.8224862217903137,1
MAFB,SLC38A7,0.8224859833717346,1
ARX,DNAJC9,0.8224851489067078,1
NEUROD1,PCDH11X,0.8224800229072571,1
SCRT1,LRRD1,0.8224795460700989,1
DLX5,DNAJC9,0.8224795460700989,1
BCL11B,ART3,0.8224783539772034,1
DLX2,COPZ2,0.8224746584892273,1
MITF,DNAJC9,0.8224741816520691,0
ESR1,DNAJC9,0.8224659562110901,0
DNAJC21,ART3,0.8224620819091797,1
HEY2,ART3,0.8224602937698364,1
MAFB,IGF1,0.8224595785140991,1
NR1H2,PGBD1,0.8224520683288574,1
OLIG2,DNAJC9,0.8224491477012634,1
KLF8,PYM1,0.8224486112594604,1
MEF2A,ART3,0.8224441409111023,0
GLIS2,NEK2,0.8224439024925232,1
SOX2,PCDH11X,0.8224437832832336,1
SCRT2,IQCD,0.822443425655365,1
ARX,ZBTB3,0.8224426507949829,1
ZFP148,ART3,0.822441041469574,1
SCRT2,JAKMIP3,0.8224385976791382,1
DLX5,ZBTB3,0.8224377632141113,1
MITF,ZBTB3,0.8224319815635681,1
SCRT1,NKX2-2,0.8224305510520935,1
ELF4,CFAP58,0.8224247097969055,1
ESR1,ZBTB3,0.8224235773086548,0
PAX6,DNAJC9,0.8224180936813354,1
POU2F1,DNAJC9,0.8224167227745056,1
DLX2,CNPY1,0.8224166631698608,1
DLX2,METTL7A1,0.822414219379425,1
MEF2C,NEK2,0.8224091529846191,1
OLIG2,ZBTB3,0.8224074840545654,1
SCRT2,EPDR1,0.8224073052406311,1
NR1H2,USP31,0.8224070072174072,1
KLF2,PCDH11X,0.8224068284034729,1
BCL11B,PYM1,0.8224058747291565,1
TCF4,LRRD1,0.822405219078064,1
DLX6,BUD31,0.8224034905433655,1
DNAJC21,PYM1,0.8224031925201416,1
DLX6,NPRL2,0.8224006295204163,1
DLX2,CHST14,0.8223992586135864,1
HEY2,PYM1,0.8223991394042969,1
DLX2,MTFR1L,0.8223972916603088,1
MEF2A,PYM1,0.8223922848701477,1
NR1H2,DOCK10,0.8223901987075806,1
NR1H4,ART3,0.8223901987075806,1
NR1H2,CCSAP,0.8223889470100403,1
NR1H2,DYRK1B,0.8223860859870911,1
NR1H2,LEPR,0.8223846554756165,1
PAX3,ART3,0.8223823308944702,1
SCRT1,IQCD,0.8223759531974792,1
PAX6,ZBTB3,0.8223750591278076,0
MAFB,ESR2,0.8223748803138733,1
POU2F1,ZBTB3,0.8223745226860046,1
MAFB,2310011J03RIK,0.8223744034767151,1
TCF4,NKX2-2,0.8223730325698853,0
DLX2,4930558K02RIK,0.8223727345466614,1
SCRT1,JAKMIP3,0.8223714232444763,1
POU3F2,YIPF3,0.8223695158958435,1
HMBOX1,CFAP58,0.8223680257797241,1
DLX2,ITGB7,0.8223581314086914,1
E2F5,CFAP58,0.8223580718040466,1
SCRT2,ADIPOR2,0.8223575353622437,1
POU3F4,NEK2,0.8223567008972168,1
DLX2,GBP3,0.822355329990387,1
DLX2,EEF1AKMT1,0.8223549723625183,1
HSF2,ART3,0.8223543167114258,1
NFKB2,DNAJC9,0.822352409362793,1
MAFB,TMEM116,0.8223493695259094,1
DLX2,GABRR3,0.8223478198051453,1
KLF3,CFAP58,0.8223472237586975,1
ZFP148,PYM1,0.8223450779914856,0
MEF2C,BUD31,0.8223447203636169,1
SCRT1,EPDR1,0.822342574596405,1
MYT1L,NEK2,0.8223393559455872,1
KLF12,DNAJC9,0.8223391175270081,1
ELK3,PCDH11X,0.8223368525505066,1
DLX2,EOGT,0.8223366141319275,1
GLIS2,BUD31,0.8223350048065186,1
ETV6,YIPF3,0.8223350048065186,1
NEUROD2,LRRD1,0.8223346471786499,1
SCRT2,ITGA10,0.8223332166671753,1
TCF4,JAKMIP3,0.8223315477371216,1
IRF1,DNAJC9,0.8223309516906738,0
GLIS3,YIPF3,0.8223302960395813,1
MAFB,ESS2,0.8223299384117126,1
FOXN2,YIPF3,0.822327733039856,1
GLIS2,NPRL2,0.8223276734352112,1
NR1H4,PYM1,0.822327196598053,1
NFIB,ART3,0.822325587272644,1
POU6F1,ART3,0.8223240971565247,1
MAFB,WSCD1,0.8223217129707336,1
POU6F1,PYM1,0.822318971157074,1
TFE3,CFAP58,0.8223186135292053,1
KLF6,LRRD1,0.8223170042037964,1
TCF4,IQCD,0.8223128318786621,1
MAFB,USP27X,0.8223110437393188,1
NFKB2,ZBTB3,0.8223098516464233,1
KLF8,PCDH11X,0.8223051428794861,1
PAX3,PYM1,0.8223046064376831,1
KLF12,ZBTB3,0.8222989439964294,1
NR1H2,COPZ2,0.8222982287406921,1
SCRT2,PEG10,0.8222962021827698,1
MEF2C,NPRL2,0.8222951889038086,1
SCRT1,ADIPOR2,0.8222907185554504,1
IRF1,ZBTB3,0.8222898244857788,0
SMARCC2,YIPF3,0.8222891092300415,0
NEUROD2,NKX2-2,0.8222863674163818,1
ELF1,DNAJC9,0.8222841024398804,0
TCF4,EPDR1,0.8222812414169312,1
HSF2,PYM1,0.8222805261611938,1
DLX2,FOXD1,0.822279691696167,1
RUNX1,DNAJC9,0.8222792744636536,0
MAFB,TRPC3,0.8222755789756775,1
NR1H2,CNPY1,0.8222752809524536,1
NR2F1,ART3,0.8222745060920715,1
DLX1,YIPF3,0.8222739100456238,1
SOX2,CFAP58,0.8222682476043701,0
KLF6,NKX2-2,0.8222666382789612,1
DLX2,EPB42,0.8222644329071045,1
SCRT1,ITGA10,0.8222641348838806,1
BCL11B,PCDH11X,0.8222629427909851,1
DLX2,HEATR3,0.8222610950469971,1
NEUROD1,CFAP58,0.8222602009773254,1
DNAJC21,PCDH11X,0.8222583532333374,1
SCRT2,IGF1,0.8222559094429016,1
HEY2,PCDH11X,0.8222536444664001,1
MEF2A,PCDH11X,0.8222473859786987,0
DLX2,RAB11FIP1,0.8222447037696838,1
ELF1,ZBTB3,0.8222442269325256,0
SCRT2,SLC38A7,0.8222422003746033,1
TCF4,ADIPOR2,0.8222403526306152,0
NR1H2,CHST14,0.8222391605377197,1
POU3F4,BUD31,0.8222383260726929,1
NR1H2,METTL7A1,0.8222376108169556,1
POU3F4,NPRL2,0.8222368955612183,1
RUNX1,ZBTB3,0.8222358226776123,0
ARX,ART3,0.8222329616546631,1
NEUROD2,IQCD,0.8222302198410034,1
KLF2,CFAP58,0.8222298622131348,1
SCRT1,PEG10,0.82222980260849,1
NR1H2,4930558K02RIK,0.8222291469573975,1
NFIB,PYM1,0.8222283720970154,1
DLX2,POLN,0.8222271203994751,1
KLF6,JAKMIP3,0.8222271203994751,1
DLX5,ART3,0.8222257494926453,1
NEUROD2,JAKMIP3,0.8222251534461975,1
DLX2,LTK,0.8222216367721558,1
MITF,ART3,0.82221919298172,0
NR1H2,ITGB7,0.8222183585166931,1
DLX2,KLHL12,0.8222164511680603,1
MYT1L,NPRL2,0.8222164511680603,1
KLF6,IQCD,0.822216272354126,1
ESR1,ART3,0.8222116827964783,0
NR1H2,MTFR1L,0.8222094178199768,1
ETS1,DNAJC9,0.8222079873085022,0
TCF4,ITGA10,0.8222000002861023,1
ZFP148,PCDH11X,0.8221996426582336,1
MAFB,PGBD1,0.8221995830535889,1
POU3F2,NEK2,0.8221981525421143,0
NEUROD2,EPDR1,0.8221977949142456,1
NR1H2,GBP3,0.8221972584724426,1
FLI1,DNAJC9,0.8221966028213501,0
MYT1L,BUD31,0.8221954703330994,1
NR2F1,PYM1,0.8221946954727173,1
SCRT1,IGF1,0.8221945762634277,1
OLIG2,ART3,0.8221929669380188,1
DLX6,LRRD1,0.8221929669380188,1
NR1H2,GABRR3,0.8221911191940308,1
NR1H4,PCDH11X,0.8221850991249084,1
NR1H2,EEF1AKMT1,0.8221832513809204,1
DLX2,BAG5,0.8221791386604309,1
SCRT1,SLC38A7,0.8221785426139832,1
KLF6,EPDR1,0.8221766352653503,1
POU6F1,PCDH11X,0.8221765160560608,1
MAFB,USP31,0.8221739530563354,1
PAX6,ART3,0.8221714496612549,1
ELK3,CFAP58,0.8221644759178162,1
ETS1,ZBTB3,0.8221639394760132,0
NR1H2,EOGT,0.822163462638855,1
POU2F1,ART3,0.8221613168716431,1
ETV6,NEK2,0.822161078453064,1
PAX3,PCDH11X,0.8221601843833923,1
TCF4,PEG10,0.822160005569458,1
NR3C1,DNAJC9,0.8221591114997864,0
GLIS3,NEK2,0.8221555948257446,1
DLX2,PARP12,0.822155237197876,1
FLI1,ZBTB3,0.8221526145935059,0
MAFB,DOCK10,0.822151780128479,1
DLX6,NKX2-2,0.8221506476402283,1
FOXN2,NEK2,0.822149932384491,1
MAFB,DYRK1B,0.822147786617279,1
DLX5,PYM1,0.8221471309661865,1
ARX,PYM1,0.8221451044082642,1
NEUROD2,ADIPOR2,0.8221448659896851,1
DLX2,STK11IP,0.8221448063850403,1
MAFB,CCSAP,0.8221412301063538,1
SPI1,DNAJC9,0.8221412301063538,0
KLF6,ADIPOR2,0.8221411108970642,1
MITF,PYM1,0.8221395611763,1
MEF2C,LRRD1,0.8221391439437866,1
HSF2,PCDH11X,0.8221368789672852,1
DLX2,PSMB9,0.8221362233161926,1
SMARCC1,DNAJC9,0.8221357464790344,1
ZFX,DNAJC9,0.8221325278282166,0
TFEB,DNAJC9,0.822131335735321,1
STAT2,DNAJC9,0.8221297860145569,0
KLF8,CFAP58,0.8221275210380554,1
ESR1,PYM1,0.8221272826194763,0
MAFB,LEPR,0.8221272230148315,1
NEUROD2,ITGA10,0.8221216797828674,1
GLIS2,LRRD1,0.8221206665039062,1
TCF4,SLC38A7,0.8221192359924316,0
SMARCC2,NEK2,0.82211834192276,0
DLX2,RPS6KA6,0.8221182823181152,1
TCF4,IGF1,0.8221175670623779,0
OLIG2,PYM1,0.8221173882484436,1
KLF6,ITGA10,0.8221161961555481,1
NR3C1,ZBTB3,0.8221151232719421,0
SCRT2,2310011J03RIK,0.8221123814582825,1
DLX2,TBX18,0.8221084475517273,1
DLX2,MRM1,0.8221080303192139,1
NR1H2,FOXD1,0.822106659412384,1
GLIS3,BUD31,0.8221019506454468,1
DLX1,NEK2,0.8220999836921692,1
SPI1,ZBTB3,0.822097659111023,0
SCRT2,ESR2,0.8220972418785095,1
NR1H2,EPB42,0.8220958709716797,1
SMARCC1,ZBTB3,0.8220946788787842,1
DLX6,JAKMIP3,0.8220928907394409,1
DLX6,IQCD,0.8220922350883484,1
TFEB,ZBTB3,0.822091281414032,1
NFKB2,ART3,0.8220910429954529,1
BCL11B,CFAP58,0.8220894932746887,1
DLX2,SMDT1,0.8220893740653992,1
ZFX,ZBTB3,0.8220890164375305,0
STAT2,ZBTB3,0.8220868706703186,0
NR1H2,HEATR3,0.8220862150192261,1
NEUROD2,PEG10,0.8220847845077515,1
NR1H2,RAB11FIP1,0.8220832347869873,1
NFIB,PCDH11X,0.822083055973053,1
GLIS2,NKX2-2,0.8220825791358948,1
POU2F1,PYM1,0.8220813870429993,1
MEF2C,NKX2-2,0.822079062461853,1
POU3F2,NPRL2,0.8220788240432739,1
DNAJC21,CFAP58,0.8220784068107605,1
RBPJ,DNAJC9,0.8220769762992859,1
KLF12,ART3,0.822075605392456,1
MAFB,COPZ2,0.8220753073692322,1
HEY2,CFAP58,0.8220740556716919,1
IRF1,ART3,0.8220738768577576,0
SCRT2,TMEM116,0.8220699429512024,1
ELF4,YIPF3,0.822066068649292,1
PAX6,PYM1,0.8220651745796204,1
MEF2A,CFAP58,0.8220632672309875,0
RARG,DNAJC9,0.8220630884170532,1
KLF6,PEG10,0.8220625519752502,1
DLX6,EPDR1,0.8220617771148682,1
POU3F2,BUD31,0.8220586776733398,1
NR1H2,BAG5,0.8220533728599548,1
SCRT2,ESS2,0.8220524787902832,1
SCRT2,WSCD1,0.8220522403717041,1
SCRT2,USP27X,0.822050929069519,1
NR2F1,PCDH11X,0.822049617767334,1
NR1H2,LTK,0.8220484256744385,1
NR1H2,POLN,0.8220481872558594,1
NEUROD2,IGF1,0.8220469951629639,1
GLIS3,NPRL2,0.8220460414886475,0
NR1H2,KLHL12,0.8220456838607788,1
SCRT1,2310011J03RIK,0.8220436573028564,1
ETV6,NPRL2,0.8220418095588684,1
ZFP148,CFAP58,0.822040855884552,1
DLX2,KEL,0.8220394849777222,1
ETV6,BUD31,0.8220387101173401,1
NEUROD2,SLC38A7,0.8220354318618774,1
DLX2,ITGB5,0.8220340013504028,1
RBPJ,ZBTB3,0.8220333456993103,1
GLIS2,JAKMIP3,0.8220332264900208,1
RUNX1,ART3,0.8220325708389282,0
POU3F4,LRRD1,0.8220321536064148,1
MEF2C,JAKMIP3,0.8220319151878357,1
SCRT1,ESR2,0.8220313787460327,1
KLF12,PYM1,0.8220308423042297,1
DLX2,REPS2,0.8220298290252686,1
FOXN2,NPRL2,0.8220278024673462,1
NFKB2,PYM1,0.8220275044441223,1
MEF2C,IQCD,0.8220258951187134,1
SCRT2,TRPC3,0.8220252990722656,1
MAFB,CNPY1,0.8220216631889343,1
FOXN2,BUD31,0.8220216035842896,1
GLIS2,IQCD,0.822020411491394,1
RARG,ZBTB3,0.8220194578170776,1
ELF1,ART3,0.8220177292823792,0
E2F5,YIPF3,0.8220151662826538,1
KLF6,SLC38A7,0.8220111131668091,1
HMBOX1,YIPF3,0.8220107555389404,1
MAFB,METTL7A1,0.8220102190971375,1
DLX6,ADIPOR2,0.8220101594924927,1
DLX2,PLXDC2,0.8220096826553345,1
NR1H4,CFAP58,0.8220065236091614,1
KLF6,IGF1,0.8220056295394897,1
IRF1,PYM1,0.8220056295394897,0
NR1H2,PARP12,0.822005569934845,1
DLX2,FLT1,0.8220052719116211,1
ETV4,DNAJC9,0.8220042586326599,1
DLX5,PCDH11X,0.822002112865448,1
SMARCC2,NPRL2,0.822001576423645,0
MAFB,CHST14,0.8220005035400391,1
SMARCC2,BUD31,0.8219994306564331,0
KLF3,YIPF3,0.8219994306564331,1
ARX,PCDH11X,0.8219988346099854,1
SCRT1,TMEM116,0.821998655796051,1
MAFB,MTFR1L,0.8219972848892212,1
MITF,PCDH11X,0.8219968676567078,1
DLX2,CERS1,0.8219956755638123,1
DLX2,TBC1D22A,0.8219934701919556,1
NR1H2,STK11IP,0.8219926953315735,1
PAX3,CFAP58,0.8219912648200989,1
GLIS2,EPDR1,0.8219908475875854,1
DLX2,HBP1,0.8219902515411377,1
CUX1,DNAJC9,0.8219900131225586,0
POU3F4,NKX2-2,0.8219895362854004,1
MYT1L,LRRD1,0.8219874501228333,1
TCF4,ESR2,0.821986734867096,0
SCRT1,USP27X,0.8219866752624512,1
MEF2C,EPDR1,0.8219860792160034,1
NR1H2,PSMB9,0.8219853043556213,1
ESR1,PCDH11X,0.8219841718673706,0
SCRT1,ESS2,0.821983277797699,1
DLX2,MAST3,0.8219824433326721,1
SCRT1,WSCD1,0.8219802975654602,1
ELF1,PYM1,0.8219793438911438,0
DLX6,ITGA10,0.8219793438911438,1
DLX1,NPRL2,0.8219766616821289,1
DLX2,APOLD1,0.8219764828681946,1
MAFB,4930558K02RIK,0.8219759464263916,1
CEBPB,DNAJC9,0.8219747543334961,0
DLX2,I830077J02RIK,0.8219743371009827,1
TCF4,2310011J03RIK,0.8219741582870483,1
DLX2,CUTC,0.8219733834266663,1
OLIG2,PCDH11X,0.821972131729126,1
POU6F1,CFAP58,0.8219693899154663,1
HSF2,CFAP58,0.8219648003578186,1
ETS1,ART3,0.8219638466835022,0
DLX2,ITM2A,0.8219626545906067,1
TFE3,YIPF3,0.8219626545906067,1
SCRT1,TRPC3,0.8219612836837769,1
ETV4,ZBTB3,0.8219603896141052,1
MAFB,ITGB7,0.8219602108001709,1
NR1H2,TBX18,0.8219578862190247,1
NR1H2,RPS6KA6,0.8219523429870605,1
MAFB,GBP3,0.8219521045684814,1
FLI1,ART3,0.8219517469406128,1
MYT1L,NKX2-2,0.8219500184059143,1
MAFB,EEF1AKMT1,0.8219487071037292,1
DLX2,CACNG8,0.8219487071037292,1
DLX2,LRRC20,0.8219479918479919,1
GLIS2,ADIPOR2,0.821946382522583,1
DLX6,PEG10,0.821946382522583,1
CUX1,ZBTB3,0.8219460248947144,0
DLX1,BUD31,0.8219456672668457,1
MEF2C,ADIPOR2,0.8219445943832397,1
DLX2,2510002D24RIK,0.8219442963600159,1
DLX2,PTDSS2,0.8219435811042786,1
DLX2,TNFSF8,0.8219424486160278,1
MAFB,GABRR3,0.8219424486160278,1
DLX2,ADAMTS15,0.8219408988952637,1
ZFP384,DNAJC9,0.8219388723373413,0
NR1H2,MRM1,0.8219372034072876,1
POU2F1,PCDH11X,0.8219370245933533,0
TCF4,USP27X,0.8219367265701294,1
NR1H2,SMDT1,0.8219364881515503,1
MEF2C,ITGA10,0.8219360113143921,1
MAFB,EOGT,0.8219326734542847,1
CEBPB,ZBTB3,0.8219310641288757,0
POU3F4,IQCD,0.8219292759895325,1
TCF4,TMEM116,0.821927547454834,1
NFIB,CFAP58,0.8219274282455444,1
TCF4,ESS2,0.8219261765480042,1
POU3F4,JAKMIP3,0.821925938129425,1
DLX2,LRWD1,0.8219233155250549,1
RUNX1,PYM1,0.8219233155250549,0
GLIS2,ITGA10,0.8219219446182251,1
NEUROD1,YIPF3,0.8219200968742371,1
NR3C1,ART3,0.8219187259674072,1
PAX6,PCDH11X,0.8219177722930908,1
DLX6,IGF1,0.8219124674797058,1
SCRT2,USP31,0.8219099044799805,1
SCRT2,PGBD1,0.8219082951545715,1
TCF4,TRPC3,0.8219071626663208,0
SOX2,YIPF3,0.8219051361083984,1
MAF,DNAJC9,0.8219033479690552,1
NR1H2,REPS2,0.8219023942947388,1
TCF4,WSCD1,0.8219012022018433,1
POU3F4,EPDR1,0.8219002485275269,1
DLX6,SLC38A7,0.821898877620697,1
NEUROD2,2310011J03RIK,0.8218986392021179,1
SPI1,ART3,0.8218957781791687,0
ZFP384,ZBTB3,0.8218944072723389,0
ELF4,NEK2,0.8218941688537598,1
DLX2,CAGE1,0.821893036365509,1
ZFX,ART3,0.8218916058540344,1
GLIS3,LRRD1,0.8218902349472046,1
MYT1L,IQCD,0.8218890428543091,1
KLF12,PCDH11X,0.8218870162963867,1
NR1H2,KEL,0.8218868374824524,1
NEUROD2,ESR2,0.8218860626220703,1
KLF6,2310011J03RIK,0.8218849897384644,1
NFKB2,PCDH11X,0.8218836188316345,1
DLX2,NDUFB2,0.8218824863433838,1
KLF6,ESR2,0.8218822479248047,1
DLX2,DDX58,0.8218822479248047,1
NR2F1,CFAP58,0.8218822479248047,1
MAFB,FOXD1,0.8218782544136047,1
STAT2,ART3,0.8218775987625122,1
MYT1L,JAKMIP3,0.8218775391578674,1
SCRT2,DYRK1B,0.8218770623207092,1
TFEB,ART3,0.8218769431114197,1
DLX2,FSBP,0.8218764066696167,1
MEF2C,PEG10,0.821876049041748,1
DLX2,CDCA5,0.8218744397163391,1
SCRT2,CCSAP,0.8218728303909302,1
GLIS2,PEG10,0.8218725323677063,1
SMARCC1,ART3,0.8218711614608765,1
DLX2,SLC11A2,0.8218702673912048,1
KLF2,YIPF3,0.8218693733215332,1
SCRT2,DOCK10,0.8218674063682556,1
MYT1L,EPDR1,0.8218652009963989,1
IRF1,PCDH11X,0.82186359167099,0
DLX2,MS4A1,0.8218616843223572,1
NR1H2,ITGB5,0.8218616843223572,1
MAFB,HEATR3,0.8218606114387512,1
MAF,ZBTB3,0.8218605518341064,1
NR1H2,TBC1D22A,0.821858823299408,1
NR1H2,MAST3,0.8218578696250916,1
NEUROD2,TMEM116,0.8218558430671692,1
MAFB,EPB42,0.8218557238578796,1
DLX2,F11R,0.8218544125556946,1
NR1H2,HBP1,0.8218541741371155,1
KLF6,TMEM116,0.8218503594398499,1
POU3F2,LRRD1,0.8218498826026917,1
NR1H2,PLXDC2,0.8218472599983215,1
NR1H2,FLT1,0.8218464255332947,1
MAFB,RAB11FIP1,0.8218459486961365,1
ETS1,PYM1,0.8218449950218201,0
POU3F4,ADIPOR2,0.8218449950218201,1
NEUROD2,USP27X,0.8218426704406738,1
ELF1,PCDH11X,0.8218423128128052,1
E2F5,NEK2,0.8218413591384888,1
HMBOX1,NEK2,0.8218393325805664,1
NEUROD2,ESS2,0.8218377232551575,1
SCRT1,USP31,0.8218364715576172,1
GLIS3,NKX2-2,0.8218356370925903,0
ARX,CFAP58,0.8218351602554321,1
NR1H2,CERS1,0.821834921836853,1
NEUROD2,WSCD1,0.8218348622322083,1
FLI1,PYM1,0.8218337297439575,0
SCRT1,PGBD1,0.8218335509300232,1
DLX5,CFAP58,0.821833074092865,1
KLF6,ESS2,0.821832537651062,1
KLF6,USP27X,0.8218300342559814,1
GLIS2,SLC38A7,0.8218298554420471,1
RBPJ,ART3,0.8218297958374023,0
ETV6,LRRD1,0.8218293190002441,1
DLX2,RASGRP4,0.8218280076980591,1
DLX2,EFCAB12,0.8218278288841248,1
MITF,CFAP58,0.8218275308609009,1
KLF6,WSCD1,0.8218262195587158,1
SCRT2,LEPR,0.8218256831169128,1
KLF3,NEK2,0.821824848651886,1
NR1H2,I830077J02RIK,0.8218240737915039,1
MEF2C,SLC38A7,0.821823000907898,1
POU3F4,ITGA10,0.8218218088150024,1
MAFB,LTK,0.8218212127685547,1
MAFB,POLN,0.8218204975128174,1
POU3F2,NKX2-2,0.8218204379081726,1
SCRT2,COPZ2,0.8218203783035278,1
RARG,ART3,0.8218201994895935,1
GLIS2,IGF1,0.8218200206756592,1
ESR1,CFAP58,0.8218188881874084,1
SMARCC1,PYM1,0.8218172192573547,1
NEUROD2,TRPC3,0.8218169808387756,1
NR1H2,CUTC,0.821816623210907,1
NR1H2,ITM2A,0.8218161463737488,1
NR1H2,APOLD1,0.8218147158622742,1
FOXN2,LRRD1,0.8218139410018921,1
TFEB,PYM1,0.8218137621879578,1
MAFB,KLHL12,0.8218117952346802,1
ETV3,DNAJC9,0.8218108415603638,1
SCRT1,DYRK1B,0.8218085765838623,1
ELK3,YIPF3,0.8218053579330444,1
OLIG2,CFAP58,0.8218036890029907,1
MYT1L,ADIPOR2,0.8218027353286743,1
KLF6,TRPC3,0.82180255651474,1
GLIS3,JAKMIP3,0.8218024969100952,1
MAFB,BAG5,0.8218014240264893,1
SCRT1,DOCK10,0.821799099445343,1
NR1H2,ADAMTS15,0.8217983245849609,1
NR1H2,PTDSS2,0.8217965960502625,1
SCRT1,CCSAP,0.8217963576316833,1
MEF2C,IGF1,0.8217960596084595,1
NR1H2,TNFSF8,0.821794331073761,1
NR1H2,CACNG8,0.8217930793762207,1
TFE3,NEK2,0.8217906355857849,1
NR3C1,PYM1,0.8217895030975342,1
ETV6,NKX2-2,0.8217894434928894,1
SMARCC2,LRRD1,0.8217878341674805,1
NR1H2,LRRC20,0.8217869997024536,1
ELF2,DNAJC9,0.821786642074585,1
DLX2,RBCK1,0.8217858672142029,1
STAT2,PYM1,0.8217856287956238,0
POU3F4,PEG10,0.8217846751213074,1
DLX2,PDF,0.8217844367027283,1
NR1H2,2510002D24RIK,0.8217825293540955,1
SPI1,PYM1,0.8217821717262268,0
GLIS3,IQCD,0.8217813968658447,1
RUNX1,PCDH11X,0.821776807308197,0
MAFB,STK11IP,0.8217757344245911,1
NR1H2,LRWD1,0.8217740654945374,1
ELF4,NPRL2,0.8217703700065613,1
ETV4,ART3,0.8217698931694031,1
ZFX,PYM1,0.821768581867218,1
DLX2,RASL12,0.8217681646347046,1
MYT1L,ITGA10,0.8217681050300598,1
ETV3,ZBTB3,0.8217676877975464,1
POU2F1,CFAP58,0.8217676877975464,0
FOXN2,NKX2-2,0.8217672109603882,1
KLF8,YIPF3,0.8217656016349792,1
PAX6,CFAP58,0.8217653036117554,1
DLX2,MCUR1,0.8217625617980957,1
DLX2,UCP2,0.821762204170227,1
DLX2,LGALS3BP,0.8217614889144897,1
DLX2,TBX15,0.8217594027519226,1
DLX6,2310011J03RIK,0.8217586874961853,1
TCF4,PGBD1,0.8217583894729614,1
DLX2,LYPLAL1,0.8217577934265137,1
SCRT1,COPZ2,0.8217566013336182,1
SCRT2,METTL7A1,0.82175612449646,1
POU3F2,JAKMIP3,0.8217545747756958,1
SCRT2,MTFR1L,0.821754515171051,1
SMARCC2,NKX2-2,0.8217536807060242,1
DLX6,ESR2,0.8217524886131287,1
SCRT1,LEPR,0.8217516541481018,1
MAFB,PARP12,0.8217511773109436,1
CUX1,ART3,0.8217498064041138,0
POU3F2,IQCD,0.8217496871948242,0
MYT1L,PEG10,0.8217494487762451,1
TCF4,USP31,0.8217483758926392,0
TCF4,DOCK10,0.8217471241950989,0
E2F5,BUD31,0.8217467665672302,1
NEUROD1,NEK2,0.821745753288269,1
ELF2,ZBTB3,0.8217445015907288,0
POU3F4,IGF1,0.8217442035675049,1
TCF4,DYRK1B,0.8217441439628601,0
MYT1L,IGF1,0.8217412233352661,1
POU3F4,SLC38A7,0.8217412233352661,1
NR1H2,CAGE1,0.8217403292655945,1
DLX1,LRRD1,0.8217393755912781,1
GLIS3,EPDR1,0.8217390179634094,1
SCRT2,CHST14,0.8217388987541199,1
SOX2,NEK2,0.8217371106147766,0
NR1H2,NDUFB2,0.8217369318008423,1
DLX2,ARL6IP4,0.8217357993125916,1
MAFB,PSMB9,0.8217349648475647,1
NR1H2,DDX58,0.8217334151268005,1
NR1H2,SLC11A2,0.8217316269874573,1
ELF4,BUD31,0.8217308521270752,1
POU3F2,EPDR1,0.8217296004295349,1
ETV6,IQCD,0.8217290043830872,1
ETV6,JAKMIP3,0.8217276334762573,1
CEBPB,ART3,0.8217258453369141,0
E2F5,NPRL2,0.8217253684997559,1
NR1H2,CDCA5,0.8217250108718872,1
BCL11B,YIPF3,0.8217247724533081,1
SCRT2,CNPY1,0.8217239379882812,1
NR1H2,FSBP,0.8217214941978455,1
DLX2,MAP3K14,0.82172030210495,0
DNAJC21,YIPF3,0.8217195868492126,1
MAFB,RPS6KA6,0.8217195868492126,1
RBPJ,PYM1,0.8217194676399231,1
GLIS3,ITGA10,0.8217191100120544,1
HMBOX1,NPRL2,0.8217178583145142,1
HEY2,YIPF3,0.8217155337333679,1
NR1H2,MS4A1,0.8217129707336426,1
FOXN2,IQCD,0.8217126727104187,1
GLIS3,ADIPOR2,0.8217122554779053,1
DLX6,TMEM116,0.8217111229896545,1
MAFB,TBX18,0.8217097520828247,1
DLX6,USP27X,0.8217083215713501,1
DLX1,NKX2-2,0.8217072486877441,1
MEF2A,YIPF3,0.8217061161994934,1
NFKB2,CFAP58,0.8217054009437561,1
TCF4,COPZ2,0.8217048645019531,0
MEF2C,2310011J03RIK,0.8217038512229919,1
KLF3,NPRL2,0.8217037916183472,1
NR1H2,F11R,0.8217035531997681,1
MYT1L,SLC38A7,0.8217025995254517,1
KLF12,CFAP58,0.8217024207115173,1
MAFB,MRM1,0.8217018842697144,1
KLF3,BUD31,0.8217014670372009,1
ETV6,EPDR1,0.8217008709907532,1
RARG,PYM1,0.8217002749443054,1
DLX6,ESS2,0.8216999769210815,1
ZFP384,ART3,0.8216996788978577,0
KLF2,NEK2,0.8216992616653442,1
SCRT2,EEF1AKMT1,0.8216983675956726,1
SMARCC2,JAKMIP3,0.8216983675956726,1
ETS1,PCDH11X,0.8216983079910278,0
FOXN2,JAKMIP3,0.8216968774795532,1
TCF4,CCSAP,0.8216965198516846,1
SCRT1,MTFR1L,0.8216949105262756,1
DLX2,OGFOD3,0.8216913938522339,1
GLIS2,2310011J03RIK,0.8216911554336548,1
DLX2,EXOG,0.8216909170150757,1
GLIS2,ESR2,0.8216909170150757,1
IRF1,CFAP58,0.8216909170150757,0
DLX6,WSCD1,0.8216908574104309,1
SCRT1,METTL7A1,0.8216907382011414,1
KLF6,PGBD1,0.8216884732246399,1
FLI1,PCDH11X,0.8216884136199951,1
SMARCC2,IQCD,0.8216883540153503,1
MAFB,SMDT1,0.8216879367828369,1
NEUROD2,PGBD1,0.8216873407363892,1
NEUROD2,USP31,0.8216870427131653,1
HMBOX1,BUD31,0.821686863899231,1
MEF2C,ESR2,0.8216856122016907,1
TCF4,LEPR,0.8216851949691772,0
FOXN2,EPDR1,0.8216844201087952,1
SCRT2,ITGB7,0.8216828107833862,1
DLX6,TRPC3,0.8216825127601624,1
SCRT2,EOGT,0.8216817378997803,1
SCRT2,GBP3,0.8216807842254639,1
KLF6,USP31,0.8216798901557922,1
NR1H2,EFCAB12,0.8216789364814758,1
MEF2C,TMEM116,0.821678102016449,1
SCRT2,4930558K02RIK,0.8216772079467773,1
SMARCC1,PCDH11X,0.8216771483421326,1
DLX2,UBXN6,0.8216760754585266,1
DLX2,XBP1,0.821674108505249,1
DLX2,KCTD13,0.8216720819473267,1
NR1H2,RASGRP4,0.8216713666915894,1
POU3F2,ADIPOR2,0.8216709494590759,1
ZFP148,YIPF3,0.8216696381568909,1
TFE3,NPRL2,0.8216686248779297,1
TFEB,PCDH11X,0.8216666579246521,1
SCRT1,CHST14,0.8216666579246521,1
NEUROD2,DYRK1B,0.8216654062271118,1
SCRT2,GABRR3,0.8216636776924133,1
DLX2,BTAF1,0.8216634392738342,1
NR1H2,RBCK1,0.8216627240180969,1
SMARCC2,EPDR1,0.8216612339019775,0
NEUROD1,BUD31,0.821661114692688,1
MAF,ART3,0.821658730506897,1
KLF6,DYRK1B,0.8216555714607239,1
NEUROD2,DOCK10,0.821654200553894,1
KLF6,DOCK10,0.8216532468795776,1
TCF4,MTFR1L,0.8216528296470642,0
DLX2,OPN5,0.8216525316238403,1
GLIS2,TMEM116,0.8216519355773926,1
ELF1,CFAP58,0.8216511011123657,0
SCRT1,CNPY1,0.8216506838798523,1
NEUROD2,CCSAP,0.8216504454612732,1
MEF2C,WSCD1,0.8216496109962463,1
ETV6,ADIPOR2,0.8216482400894165,1
MEF2C,ESS2,0.8216477632522583,1
DLX2,GM32687,0.8216457366943359,1
GLIS2,USP27X,0.8216454386711121,0
NR1H4,YIPF3,0.8216445446014404,1
DLX2,DNAJB11,0.8216443657875061,1
DLX2,ZCCHC4,0.8216431736946106,1
STAT2,PCDH11X,0.8216431140899658,1
DLX1,IQCD,0.8216406106948853,1
KLF6,CCSAP,0.8216405510902405,1
POU3F2,ITGA10,0.8216401934623718,1
TFE3,BUD31,0.8216397762298584,1
NR3C1,PCDH11X,0.8216392397880554,1
MEF2C,USP27X,0.8216360807418823,1
MAFB,REPS2,0.8216360211372375,1
SPI1,PCDH11X,0.8216354846954346,1
NR1H2,PDF,0.821634829044342,1
GLIS2,ESS2,0.8216339945793152,1
NEUROD1,NPRL2,0.821632981300354,1
ELK3,NEK2,0.8216328620910645,1
DLX2,IFITM10,0.8216328024864197,1
NR1H2,MCUR1,0.821631669998169,1
TCF4,METTL7A1,0.8216307759284973,0
DLX1,JAKMIP3,0.8216302394866943,1
SCRT1,EEF1AKMT1,0.8216282725334167,1
ETV4,PYM1,0.821627676486969,1
MAFB,ITGB5,0.8216274380683899,1
POU6F1,YIPF3,0.8216270804405212,1
RUNX1,CFAP58,0.8216261267662048,0
NR1H2,RASL12,0.8216259479522705,1
PAX3,YIPF3,0.8216257095336914,1
ETV6,ITGA10,0.8216255903244019,1
MAFB,KEL,0.8216254711151123,1
FOXN2,ADIPOR2,0.821624755859375,1
GLIS3,PEG10,0.8216233849525452,1
GLIS2,WSCD1,0.8216226696968079,1
DLX1,EPDR1,0.8216215372085571,1
ZFX,PCDH11X,0.8216205835342407,1
NR1H2,LYPLAL1,0.8216198682785034,1
CUX1,PYM1,0.8216197490692139,1
CEBPB,PYM1,0.8216192722320557,0
GLIS2,TRPC3,0.8216186165809631,1
SOX2,NPRL2,0.8216171264648438,0
SCRT2,FOXD1,0.8216164708137512,1
SMARCC2,ADIPOR2,0.8216143846511841,1
SCRT1,EOGT,0.8216136693954468,1
NEUROD2,COPZ2,0.8216126561164856,1
SCRT2,HEATR3,0.8216125965118408,1
NR1H2,TBX15,0.8216114044189453,1
KLF6,LEPR,0.8216108083724976,1
NR1H2,LGALS3BP,0.8216105103492737,1
POU3F2,PEG10,0.8216103315353394,0
SCRT1,GBP3,0.8216089010238647,1
DLX2,BC005624,0.8216075897216797,1
MEF2C,TRPC3,0.8216072916984558,1
NEUROD2,LEPR,0.8216071128845215,1
MAFB,MAST3,0.8216049671173096,1
SCRT1,4930558K02RIK,0.8216042518615723,1
MAFB,PLXDC2,0.8216031193733215,1
SCRT1,ITGB7,0.8216029405593872,1
MAFB,FLT1,0.8216016888618469,1
DLX2,PSMB8,0.8216010928153992,1
HSF2,YIPF3,0.821600079536438,1
MAFB,TBC1D22A,0.8215987086296082,1
SMARCC2,ITGA10,0.8215980529785156,1
KLF6,COPZ2,0.8215965628623962,1
KLF8,NEK2,0.8215960264205933,1
SCRT2,EPB42,0.8215958476066589,1
POU3F4,2310011J03RIK,0.8215957283973694,1
MAFB,HBP1,0.8215954899787903,1
FOXN2,ITGA10,0.8215941190719604,1
MAFB,CERS1,0.8215923309326172,1
SCRT1,GABRR3,0.8215909600257874,1
NR1H2,UCP2,0.8215903043746948,0
DLX2,GRTP1,0.8215900659561157,1
POU3F4,ESR2,0.8215882182121277,1
DLX2,ZCCHC3,0.8215849995613098,1
TCF4,CNPY1,0.8215849995613098,1
TCF4,CHST14,0.821584939956665,0
GLIS3,SLC38A7,0.8215845823287964,1
ETV6,PEG10,0.8215841054916382,1
DLX2,ATG4D,0.8215811252593994,1
NR1H2,ARL6IP4,0.8215807676315308,1
DLX2,DHDDS,0.8215805888175964,1
SOX2,BUD31,0.8215782642364502,0
SCRT2,RAB11FIP1,0.821577787399292,1
KLF2,NPRL2,0.8215774297714233,1
DLX2,GYPA,0.8215758204460144,1
MAFB,I830077J02RIK,0.8215757608413696,1
FOXN2,PEG10,0.8215723037719727,1
POU3F2,SLC38A7,0.8215718269348145,1
MAFB,APOLD1,0.8215706944465637,1
RBPJ,PCDH11X,0.8215703368186951,1
SCRT2,POLN,0.8215698003768921,1
MAFB,CUTC,0.8215692043304443,1
POU3F2,IGF1,0.8215688467025757,0
SCRT2,LTK,0.8215686082839966,1
DLX2,RNF26,0.8215664029121399,1
FOXN2,IGF1,0.8215658664703369,1
ESRRA,DNAJC9,0.8215649127960205,1
ZFP384,PYM1,0.821564793586731,0
DLX2,CKB,0.8215629458427429,1
MAFB,ITM2A,0.8215620517730713,1
DLX2,ADAMTS14,0.8215610980987549,1
NR1H2,MAP3K14,0.821558952331543,1
DLX2,JMJD4,0.8215582370758057,1
DLX2,UFC1,0.8215581178665161,1
NFIB,YIPF3,0.8215571045875549,1
BCL11B,NEK2,0.8215569257736206,1
ETV3,ART3,0.8215542435646057,1
DLX1,ADIPOR2,0.8215542435646057,1
POU3F4,TMEM116,0.8215538859367371,1
MYT1L,2310011J03RIK,0.8215528726577759,1
NEUROD2,MTFR1L,0.8215517997741699,1
ETS1,CFAP58,0.8215516209602356,0
SCRT1,FOXD1,0.821551501750946,1
RARG,PCDH11X,0.8215506672859192,1
DNAJC21,NEK2,0.8215481638908386,1
MAFB,PTDSS2,0.82154780626297,1
NEUROD2,METTL7A1,0.8215474486351013,1
POU3F4,USP27X,0.8215470910072327,1
SCRT2,KLHL12,0.8215470314025879,1
MAF,PYM1,0.8215468525886536,1
ETV6,IGF1,0.821546196937561,1
SCRT1,HEATR3,0.8215458989143372,1
TCF4,EEF1AKMT1,0.821545422077179,1
DLX2,CYS1,0.821544349193573,1
DLX6,USP31,0.8215442299842834,1
HEY2,NEK2,0.8215436339378357,1
MAFB,ADAMTS15,0.8215434551239014,1
MYT1L,ESR2,0.8215433955192566,1
MAFB,CACNG8,0.8215426802635193,1
DLX6,PGBD1,0.8215426206588745,1
TCF4,EOGT,0.821542501449585,0
FLI1,CFAP58,0.8215423822402954,0
SCRT2,STK11IP,0.8215420246124268,1
ETV6,SLC38A7,0.8215419054031372,1
TCF4,4930558K02RIK,0.8215411305427551,1
SMARCC2,PEG10,0.8215407729148865,1
MAFB,LRRC20,0.821540117263794,1
NR1H2,OGFOD3,0.8215389847755432,1
KLF2,BUD31,0.8215386867523193,1
MAFB,TNFSF8,0.8215380311012268,1
POU3F4,ESS2,0.8215373754501343,1
NR1H2,EXOG,0.821536660194397,1
MEF2A,NEK2,0.8215346932411194,0
E2F5,LRRD1,0.8215340971946716,1
KLF6,MTFR1L,0.8215319514274597,1
TCF4,GBP3,0.8215307593345642,1
ELF2,ART3,0.8215300440788269,1
MAFB,2510002D24RIK,0.8215293288230896,1
KLF6,METTL7A1,0.8215293288230896,1
POU3F4,WSCD1,0.8215284943580627,1
NR1H2,XBP1,0.8215280175209045,1
SCRT1,EPB42,0.821525514125824,1
DLX2,PTRHD1,0.8215252757072449,1
MAFB,LRWD1,0.8215246796607971,1
DLX6,DYRK1B,0.8215243220329285,1
NR1H2,KCTD13,0.8215214610099792,1
ELF4,LRRD1,0.8215214610099792,1
NEUROD2,CHST14,0.8215212821960449,1
ESRRA,ZBTB3,0.8215204477310181,0
POU3F4,TRPC3,0.821520209312439,1
NR1H2,BTAF1,0.8215190172195435,1
DLX1,ITGA10,0.8215183019638062,1
DLX2,STIL,0.8215182423591614,1
FOXN2,SLC38A7,0.821517825126648,1
DLX6,DOCK10,0.8215171694755554,1
TCF4,GABRR3,0.8215169310569763,1
NR2F1,YIPF3,0.821516752243042,1
MEF2C,PGBD1,0.8215151429176331,1
NR1H2,UBXN6,0.8215121030807495,1
KLF6,CHST14,0.8215099573135376,1
DLX2,BST1,0.8215089440345764,1
ELK3,NPRL2,0.8215082287788391,1
KLF6,CNPY1,0.8215082287788391,1
SCRT1,RAB11FIP1,0.8215081691741943,1
SMARCC2,SLC38A7,0.8215070366859436,0
GLIS3,IGF1,0.8215063810348511,1
NR1H2,OPN5,0.8215063810348511,1
MYT1L,USP27X,0.8215063810348511,1
DLX2,WDSUB1,0.8215063214302063,1
NEUROD2,CNPY1,0.8215059638023376,1
NR1H2,DNAJB11,0.8215056657791138,1
SCRT1,POLN,0.8215042352676392,1
DLX1,PEG10,0.8215041160583496,1
ZFP148,NEK2,0.8215034008026123,1
SCRT2,BAG5,0.8215034008026123,1
NR3C1,CFAP58,0.821502149105072,1
SCRT1,LTK,0.8215016722679138,1
DLX2,PRICKLE4,0.821500837802887,1
DLX6,CCSAP,0.821500301361084,1
MAFB,SLC11A2,0.8215001225471497,1
TCF4,FOXD1,0.8214977979660034,0
DLX2,TRAPPC1,0.8214971423149109,1
DLX1,IGF1,0.8214964270591736,1
SMARCC1,CFAP58,0.8214962482452393,1
NR1H2,GM32687,0.821495771408081,1
MYT1L,TMEM116,0.8214957118034363,1
NR1H2,ZCCHC4,0.8214944005012512,1
MEF2C,USP31,0.8214938640594482,1
ELF4,NKX2-2,0.8214936256408691,1
TCF4,ITGB7,0.82149338722229,0
DLX2,USP16,0.8214918971061707,1
TFEB,CFAP58,0.8214911818504333,1
KLF3,LRRD1,0.8214879631996155,1
SPI1,CFAP58,0.8214871883392334,0
MAFB,CAGE1,0.82148677110672,1
E2F5,NKX2-2,0.82148677110672,1
MYT1L,ESS2,0.8214863538742065,1
MYT1L,TRPC3,0.8214845657348633,1
NEUROD2,EEF1AKMT1,0.8214843273162842,1
NR1H2,IFITM10,0.8214840888977051,1
MAFB,NDUFB2,0.8214840292930603,1
STAT2,CFAP58,0.8214813470840454,1
MYT1L,WSCD1,0.8214812278747559,1
SMARCC2,IGF1,0.8214799165725708,1
SCRT1,KLHL12,0.8214799165725708,1
MEF2C,CCSAP,0.8214793801307678,1
DLX6,COPZ2,0.8214783072471619,1
MAFB,DDX58,0.8214775323867798,1
GLIS2,PGBD1,0.8214766383171082,1
ZFX,CFAP58,0.8214762210845947,1
HMBOX1,LRRD1,0.8214760422706604,1
TCF4,HEATR3,0.8214759826660156,1
SCRT2,PARP12,0.8214756846427917,1
NR1H4,NEK2,0.8214756846427917,1
MEF2C,DYRK1B,0.8214755654335022,1
ETV4,PCDH11X,0.8214750289916992,1
KLF8,NPRL2,0.8214741349220276,1
CEBPB,PCDH11X,0.8214739561080933,0
SCRT1,STK11IP,0.821472704410553,1
CUX1,PCDH11X,0.8214706778526306,0
MAFB,CDCA5,0.8214704394340515,1
ETV3,PYM1,0.821469783782959,1
NEUROD2,EOGT,0.8214693069458008,1
DLX5,YIPF3,0.8214688301086426,1
DLX2,SUSD3,0.8214682340621948,1
ARX,YIPF3,0.8214676976203918,1
KLF6,EEF1AKMT1,0.8214651942253113,1
NEUROD2,GBP3,0.8214650750160217,1
GLIS2,USP31,0.8214647769927979,1
GLIS2,DYRK1B,0.8214637041091919,1
KLF6,4930558K02RIK,0.8214637041091919,1
MEF2C,DOCK10,0.8214631676673889,0
DLX6,LEPR,0.8214629292488098,1
ELK3,BUD31,0.8214618563652039,1
MAFB,FSBP,0.8214614391326904,1
MITF,YIPF3,0.821461021900177,1
DLX1,SLC38A7,0.821460485458374,1
NEUROD2,4930558K02RIK,0.8214596509933472,1
NR1H2,BC005624,0.8214582800865173,1
MAFB,MS4A1,0.821458101272583,1
GLIS3,ESR2,0.821458101272583,1
PAX3,NEK2,0.8214580416679382,1
NEUROD2,ITGB7,0.8214575052261353,1
GLIS2,DOCK10,0.8214573264122009,1
GLIS3,2310011J03RIK,0.821457028388977,1
GLIS3,TMEM116,0.8214563727378845,1
NR1H2,ZCCHC3,0.821456253528595,1
KLF6,GBP3,0.8214545845985413,1
MAFB,F11R,0.8214540481567383,1
SCRT2,PSMB9,0.8214534521102905,1
ELF2,PYM1,0.8214529752731323,1
KLF6,EOGT,0.8214526772499084,1
SCRT2,RPS6KA6,0.8214524388313293,1
ESR1,YIPF3,0.8214516043663025,1
DLX2,ENHO,0.8214510679244995,1
POU6F1,NEK2,0.8214501738548279,1
KLF6,ITGB7,0.8214497566223145,1
TCF4,EPB42,0.8214489817619324,0
NR1H2,DHDDS,0.8214479684829712,1
HMBOX1,NKX2-2,0.8214479684829712,1
NEUROD1,LRRD1,0.8214471936225891,1
NEUROD2,GABRR3,0.8214467167854309,1
NR1H2,GRTP1,0.8214446306228638,1
KLF3,NKX2-2,0.8214445114135742,1
NR1H2,PSMB8,0.8214432597160339,1
TCF4,POLN,0.821440577507019,0
MEF2C,LEPR,0.8214401006698608,1
E2F5,JAKMIP3,0.821439802646637,1
KLF6,GABRR3,0.8214396834373474,1
TCF4,RAB11FIP1,0.8214395642280579,1
OLIG2,YIPF3,0.8214392066001892,1
SCRT2,MRM1,0.8214384317398071,1
TCF4,LTK,0.8214370608329773,0
BCL11B,NPRL2,0.8214356303215027,1
NR1H2,ATG4D,0.8214336633682251,1
KLF8,BUD31,0.8214331865310669,1
E2F5,IQCD,0.8214329481124878,1
NR1H2,CKB,0.8214324712753296,1
HSF2,NEK2,0.8214315176010132,1
SCRT2,TBX18,0.8214291930198669,1
TFE3,LRRD1,0.8214287161827087,1
NR1H2,GYPA,0.8214278221130371,1
GLIS2,CCSAP,0.8214278221130371,1
ELF4,IQCD,0.8214271068572998,1
SCRT1,BAG5,0.8214264512062073,1
RBPJ,CFAP58,0.8214254975318909,0
MAFB,EFCAB12,0.8214253187179565,1
DNAJC21,NPRL2,0.8214250802993774,1
DLX2,TOR1A,0.8214249014854431,1
MAFB,RASGRP4,0.8214234709739685,1
MAFB,RBCK1,0.8214219212532043,1
DLX6,MTFR1L,0.8214214444160461,1
TCF4,KLHL12,0.8214200139045715,0
HEY2,NPRL2,0.8214198350906372,1
ELF4,JAKMIP3,0.8214182257652283,1
NR1H2,UFC1,0.8214182257652283,1
POU3F2,ESR2,0.8214170336723328,0
POU3F2,2310011J03RIK,0.8214165568351746,1
ZFP384,PCDH11X,0.8214153051376343,0
NR1H2,RNF26,0.8214142918586731,1
GLIS3,ESS2,0.8214142322540283,1
GLIS2,COPZ2,0.8214141130447388,1
MEF2A,NPRL2,0.8214132189750671,1
DLX2,TNFAIP3,0.8214116096496582,1
SCRT2,SMDT1,0.821410596370697,1
DLX6,METTL7A1,0.8214100003242493,1
NR1H2,ADAMTS14,0.8214094042778015,1
NR1H2,JMJD4,0.8214091658592224,1
ELF4,EPDR1,0.8214085102081299,1
NEUROD2,FOXD1,0.8214083313941956,1
RARG,CFAP58,0.8214073181152344,1
GLIS3,WSCD1,0.8214057683944702,1
GLIS3,USP27X,0.8214057683944702,1
GLIS2,LEPR,0.8214038610458374,1
MEF2C,COPZ2,0.8214030265808105,0
DLX2,KIF14,0.8214023113250732,1
NEUROD2,HEATR3,0.8214017152786255,1
POU2F1,YIPF3,0.8214015960693359,1
DLX2,SLX4IP,0.8214004039764404,1
DLX2,RBM43,0.8214002251625061,1
SCRT1,PARP12,0.8213996291160583,1
NEUROD1,NKX2-2,0.8213991522789001,0
TFE3,NKX2-2,0.8213983774185181,1
NR1H2,CYS1,0.821397066116333,1
MAF,PCDH11X,0.8213966488838196,1
E2F5,EPDR1,0.8213962912559509,1
ETV6,2310011J03RIK,0.8213955760002136,1
KLF6,FOXD1,0.8213944435119629,1
DLX2,CMPK2,0.821393609046936,1
DLX2,UBAP1,0.8213929533958435,1
PAX6,YIPF3,0.8213927149772644,1
KLF3,IQCD,0.8213919997215271,1
ETV6,ESR2,0.8213914632797241,1
BCL11B,BUD31,0.8213910460472107,0
NFIB,NEK2,0.8213896751403809,1
DNAJC21,BUD31,0.8213881254196167,1
KLF3,JAKMIP3,0.8213866949081421,1
SCRT1,RPS6KA6,0.821384847164154,1
KLF6,HEATR3,0.8213834166526794,1
MEF2A,BUD31,0.8213822841644287,1
NEUROD2,EPB42,0.8213822245597839,1
HMBOX1,IQCD,0.8213809132575989,1
FOXN2,2310011J03RIK,0.8213804960250854,1
HEY2,BUD31,0.8213804960250854,1
ZFP148,NPRL2,0.8213804364204407,0
TCF4,STK11IP,0.8213803768157959,1
SCRT1,PSMB9,0.8213796019554138,1
POU3F2,USP27X,0.8213794827461243,1
POU3F4,PGBD1,0.8213793635368347,1
HMBOX1,JAKMIP3,0.8213793039321899,1
DLX6,CHST14,0.8213774561882019,1
NR1H2,PTRHD1,0.8213760256767273,1
MAFB,LYPLAL1,0.8213751316070557,1
POU3F4,USP31,0.8213734030723572,1
DLX2,ZDHHC20,0.8213731646537781,1
NR1H2,STIL,0.8213725686073303,1
GLIS3,TRPC3,0.8213712573051453,1
SCRT1,MRM1,0.8213703632354736,1
MAFB,PDF,0.8213703036308289,1
POU3F2,TMEM116,0.8213683366775513,1
KLF6,EPB42,0.8213671445846558,1
DLX2,IRF2BP1,0.8213662505149841,1
MAFB,MCUR1,0.8213659524917603,1
POU3F4,DYRK1B,0.8213654160499573,1
SOX2,LRRD1,0.8213652968406677,1
NEUROD2,RAB11FIP1,0.821363627910614,1
MAFB,RASL12,0.8213632702827454,1
DLX6,CNPY1,0.8213627338409424,1
SCRT2,ITGB5,0.8213621973991394,1
FOXN2,ESR2,0.8213619589805603,1
SMARCC2,ESR2,0.8213614225387573,0
POU3F2,ESS2,0.8213613629341125,1
NEUROD2,POLN,0.8213611841201782,1
HMBOX1,EPDR1,0.8213608264923096,1
DLX2,GNB4,0.821360170841217,1
KLF3,EPDR1,0.8213595151901245,1
GLIS2,MTFR1L,0.8213578462600708,1
MAFB,TBX15,0.8213578462600708,1
NEUROD2,LTK,0.821357250213623,1
MAFB,LGALS3BP,0.821357011795044,1
POU3F2,TRPC3,0.8213568925857544,1
MAFB,UCP2,0.8213562369346619,1
E2F5,ADIPOR2,0.8213561177253723,1
SCRT1,TBX18,0.8213558793067932,1
NR1H4,NPRL2,0.821354866027832,1
SMARCC2,2310011J03RIK,0.821354866027832,1
ETV6,TMEM116,0.8213545083999634,1
NR1H2,PRICKLE4,0.8213545083999634,1
NEUROD1,JAKMIP3,0.8213542103767395,1
POU3F4,DOCK10,0.8213539719581604,1
KLF6,RAB11FIP1,0.8213537335395813,1
DLX2,KLHL14,0.821351170539856,1
ETV6,USP27X,0.8213505744934082,1
NR1H2,TRAPPC1,0.8213503360748291,1
KLF12,YIPF3,0.8213493824005127,1
NR1H2,WDSUB1,0.8213492035865784,1
SCRT2,MAST3,0.8213487267494202,1
NR2F1,NEK2,0.8213486075401306,1
TCF4,BAG5,0.8213464617729187,1
DLX2,PLXNB3,0.82134610414505,1
SOX2,NKX2-2,0.8213456273078918,0
NFKB2,YIPF3,0.8213452100753784,1
KLF6,LTK,0.8213451504707336,1
GLIS2,METTL7A1,0.8213444948196411,0
ETV4,CFAP58,0.8213443756103516,1
NR1H2,USP16,0.8213440179824829,1
MEF2C,METTL7A1,0.8213438987731934,0
NEUROD1,IQCD,0.8213434219360352,1
DLX2,SSR4,0.8213431239128113,1
NR1H2,BST1,0.821342945098877,1
KLF6,POLN,0.821342945098877,1
ELF4,ADIPOR2,0.8213424682617188,1
DLX2,TMEM120B,0.8213420510292053,1
DLX6,EEF1AKMT1,0.8213403820991516,1
POU3F2,WSCD1,0.8213399648666382,1
MYT1L,USP31,0.8213396668434143,1
POU3F4,CCSAP,0.8213387727737427,1
E2F5,ITGA10,0.8213381767272949,1
MEF2C,CHST14,0.8213380575180054,1
SCRT1,SMDT1,0.8213375806808472,1
PAX3,NPRL2,0.8213366866111755,1
NEUROD2,KLHL12,0.8213364481925964,1
ETV6,ESS2,0.8213360905647278,1
POU6F1,BUD31,0.821334719657898,1
MEF2C,CNPY1,0.821334719657898,1
TFE3,IQCD,0.8213337659835815,1
CUX1,CFAP58,0.8213335275650024,0
POU6F1,NPRL2,0.8213309645652771,1
TFE3,JAKMIP3,0.8213303089141846,0
SCRT2,KEL,0.821330189704895,1
IRF1,YIPF3,0.8213293552398682,0
DLX6,EOGT,0.8213289380073547,1
DLX2,PHF11B,0.8213284015655518,1
KLF2,LRRD1,0.8213281631469727,1
ETV6,WSCD1,0.8213275671005249,1
SCRT2,REPS2,0.8213275671005249,1
ETV3,PCDH11X,0.8213272094726562,1
MEF2C,MTFR1L,0.8213270306587219,1
SCRT2,CERS1,0.8213258385658264,1
SCRT2,PLXDC2,0.8213256597518921,1
MAFB,ARL6IP4,0.821325421333313,1
ETV6,TRPC3,0.8213250041007996,1
TCF4,RPS6KA6,0.8213249444961548,1
SMARCC2,TMEM116,0.82132488489151,1
SCRT2,FLT1,0.8213247656822205,1
FOXN2,TMEM116,0.8213245868682861,1
NEUROD2,STK11IP,0.8213237524032593,1
FOXN2,USP27X,0.821323037147522,1
KLF6,KLHL12,0.8213224411010742,1
CEBPB,CFAP58,0.8213222622871399,0
MYT1L,PGBD1,0.8213214874267578,1
DLX2,FAM53B,0.821321427822113,1
DLX6,GBP3,0.8213198781013489,1
SMARCC2,USP27X,0.8213196396827698,1
NR1H2,SUSD3,0.8213192224502563,1
DLX2,RRP8,0.821318507194519,1
POU3F4,COPZ2,0.8213176131248474,1
NR1H4,BUD31,0.8213171362876892,1
DLX6,4930558K02RIK,0.8213171362876892,1
MAFB,MAP3K14,0.8213167190551758,1
DLX2,EIF1B,0.8213163614273071,1
ZFP148,BUD31,0.8213155269622803,1
FOXN2,WSCD1,0.8213154673576355,1
MYT1L,DYRK1B,0.8213152289390564,1
DLX2,ATF1,0.821313738822937,1
ESRRA,ART3,0.8213136196136475,1
TFE3,EPDR1,0.8213121294975281,1
DLX2,NACAD,0.8213095664978027,1
HSF2,NPRL2,0.8213091492652893,1
KLF3,ADIPOR2,0.8213086128234863,1
ELF2,PCDH11X,0.8213085532188416,1
NEUROD1,EPDR1,0.821308434009552,1
FOXN2,ESS2,0.8213083744049072,1
GLIS2,CHST14,0.8213083744049072,1
DLX2,MKRN1,0.8213062882423401,1
TCF4,PARP12,0.821306049823761,1
SCRT2,APOLD1,0.8213058710098267,1
DLX1,2310011J03RIK,0.8213053345680237,1
TCF4,MRM1,0.8213047385215759,0
DLX2,OTUD5,0.8213046789169312,1
MYT1L,DOCK10,0.8213042616844177,1
KLF2,NKX2-2,0.821304202079773,1
SMARCC2,ESS2,0.8213036060333252,0
GLIS2,CNPY1,0.8213030099868774,1
FOXN2,TRPC3,0.8213028311729431,1
DLX6,ITGB7,0.8213026523590088,1
DLX6,GABRR3,0.8213024139404297,1
KLF6,STK11IP,0.8213024139404297,1
DLX2,CFAP61,0.8213024139404297,1
POU3F4,LEPR,0.8213022351264954,1
ELF4,ITGA10,0.8213014006614685,1
NR1H2,ENHO,0.8213014006614685,1
TCF4,PSMB9,0.8213005661964417,0
HMBOX1,ADIPOR2,0.8213002681732178,1
MEF2C,ITGB7,0.8213001489639282,0
DLX5,NEK2,0.8212998509407043,1
ARX,NEK2,0.8212996125221252,1
DLX2,MRPL18,0.8212970495223999,1
DLX1,ESR2,0.8212965726852417,1
ELF1,YIPF3,0.8212960958480835,0
MAFB,OGFOD3,0.8212956786155701,1
SCRT2,I830077J02RIK,0.8212956786155701,1
SCRT1,ITGB5,0.8212955594062805,1
SCRT2,CUTC,0.8212950825691223,1
MEF2C,EEF1AKMT1,0.8212943077087402,1
MITF,NEK2,0.8212934732437134,1
DLX2,MAFK,0.8212926983833313,1
SMARCC2,TRPC3,0.8212910890579224,1
SCRT2,TBC1D22A,0.8212910890579224,1
MEF2C,4930558K02RIK,0.8212897777557373,1
ELF4,PEG10,0.8212893009185791,1
SCRT2,HBP1,0.8212890028953552,1
PAX3,BUD31,0.8212881088256836,1
ELF4,IGF1,0.821287214756012,1
MYT1L,CCSAP,0.8212869167327881,1
KLF6,BAG5,0.821285605430603,1
SMARCC2,WSCD1,0.8212853074073792,1
MAFB,EXOG,0.8212851285934448,1
MEF2C,GBP3,0.8212846517562866,1
ESR1,NEK2,0.8212839365005493,0
DLX2,NUCB1,0.8212822675704956,1
SCRT2,ITM2A,0.8212819695472717,1
DLX2,FGF5,0.821281909942627,1
NR1H2,TOR1A,0.8212814331054688,1
E2F5,PEG10,0.8212807178497314,1
ZFP384,CFAP58,0.8212803602218628,0
DLX2,CMTM5,0.8212793469429016,1
SOX2,JAKMIP3,0.8212791681289673,1
MYT1L,COPZ2,0.8212790489196777,1
DLX2,SH3TC1,0.8212786912918091,1
GLIS3,PGBD1,0.8212783932685852,1
NEUROD2,BAG5,0.8212782740592957,1
TCF4,TBX18,0.8212777376174927,1
NEUROD1,ITGA10,0.8212739825248718,1
NEUROD1,ADIPOR2,0.8212735652923584,1
KLF3,ITGA10,0.8212726712226868,1
MEF2C,GABRR3,0.8212722539901733,1
DLX6,FOXD1,0.8212720155715942,1
SOX2,IQCD,0.8212720155715942,0
MEF2C,EOGT,0.8212718963623047,0
OLIG2,NEK2,0.8212705254554749,1
MAFB,UBXN6,0.8212699890136719,1
GLIS2,EEF1AKMT1,0.8212692737579346,1
MAFB,KCTD13,0.8212689757347107,1
MAFB,XBP1,0.8212685585021973,1
SCRT2,CACNG8,0.821265697479248,1
SCRT1,MAST3,0.8212655186653137,1
NFIB,NPRL2,0.8212650418281555,1
HMBOX1,ITGA10,0.821264386177063,1
MAFB,OPN5,0.821262776851654,1
DLX6,HEATR3,0.821262538433075,1
DLX1,USP27X,0.8212624788284302,1
DLX2,MIS18A,0.8212623000144958,1
POU3F4,MTFR1L,0.8212617635726929,1
MAFB,BTAF1,0.8212611675262451,1
HSF2,BUD31,0.8212609887123108,1
SCRT2,LRRC20,0.8212606906890869,1
GLIS2,EOGT,0.8212605118751526,1
GLIS2,4930558K02RIK,0.8212593793869019,1
SCRT2,2510002D24RIK,0.8212583661079407,1
TCF4,SMDT1,0.821257472038269,1
DLX2,TMEM160,0.821257472038269,1
SCRT2,TNFSF8,0.8212570548057556,1
MAFB,DNAJB11,0.8212569355964661,1
DLX2,WNT6,0.8212565183639526,1
DLX2,ZFP69,0.8212560415267944,1
NR1H2,SLX4IP,0.8212559223175049,1
SCRT1,PLXDC2,0.8212558031082153,1
SCRT1,KEL,0.8212558031082153,1
SOX2,EPDR1,0.8212556838989258,0
NEUROD2,PARP12,0.8212555646896362,1
NR1H2,KIF14,0.8212549090385437,1
ELK3,LRRD1,0.8212544918060303,1
SCRT2,ADAMTS15,0.8212544918060303,1
GLIS2,GBP3,0.8212542533874512,1
SCRT2,PTDSS2,0.8212542533874512,1
NR1H2,RBM43,0.8212535977363586,1
SCRT1,CERS1,0.8212534785270691,1
NR1H2,TNFAIP3,0.8212532997131348,1
SCRT1,FLT1,0.8212530016899109,1
NR1H2,CMPK2,0.8212526440620422,1
RUNX1,YIPF3,0.8212524056434631,1
TFE3,ADIPOR2,0.8212515115737915,1
MAF,CFAP58,0.821251392364502,1
POU3F4,METTL7A1,0.821251392364502,1
SCRT1,REPS2,0.821248471736908,1
ELF4,SLC38A7,0.8212480545043945,1
GLIS3,DYRK1B,0.8212479948997498,1
SCRT2,SLC11A2,0.821246862411499,1
KLF6,PARP12,0.8212459087371826,1
SCRT2,LRWD1,0.8212451934814453,1
DLX2,NFATC2,0.8212451934814453,1
DLX1,TMEM116,0.8212448358535767,1
KLF3,PEG10,0.8212445378303528,1
DLX1,TRPC3,0.8212410807609558,1
MAFB,GM32687,0.8212410807609558,1
NEUROD2,RPS6KA6,0.8212404847145081,1
HMBOX1,PEG10,0.8212404847145081,1
MAFB,ZCCHC4,0.8212397694587708,1
GLIS3,DOCK10,0.8212383985519409,1
DLX6,EPB42,0.8212382793426514,1
DLX1,ESS2,0.8212380409240723,1
GLIS2,GABRR3,0.8212379217147827,1
E2F5,SLC38A7,0.8212372064590454,1
TCF4,ITGB5,0.821236789226532,0
MYT1L,LEPR,0.8212365508079529,1
DLX2,TRIM62,0.8212356567382812,1
NEUROD2,PSMB9,0.8212354183197021,1
SCRT1,APOLD1,0.821234941482544,1
KLF2,IQCD,0.8212339878082275,1
DLX2,LRRC14,0.8212334513664246,1
KLF2,JAKMIP3,0.821233332157135,1
POU2F1,NEK2,0.821233332157135,1
GLIS2,ITGB7,0.8212313652038574,1
MYT1L,MTFR1L,0.8212311863899231,1
KLF6,PSMB9,0.8212311267852783,1
MAFB,IFITM10,0.8212299942970276,1
KLF6,RPS6KA6,0.8212299942970276,1
DLX1,WSCD1,0.8212288618087769,1
KLF3,IGF1,0.8212288618087769,1
ELK3,NKX2-2,0.8212281465530396,1
NEUROD2,MRM1,0.8212273120880127,1
NR2F1,NPRL2,0.8212266564369202,1
PAX6,NEK2,0.8212262988090515,1
NR1H2,ZDHHC20,0.8212259411811829,1
GLIS3,CCSAP,0.8212242126464844,1
GLIS3,USP31,0.8212240934371948,1
NR1H2,IRF2BP1,0.8212238550186157,1
NR1H2,UBAP1,0.8212229013442993,1
DLX6,RAB11FIP1,0.821222722530365,1
DLX6,POLN,0.821222722530365,1
SCRT1,I830077J02RIK,0.8212224841117859,1
SCRT1,CUTC,0.8212222456932068,1
HMBOX1,IGF1,0.821221113204956,1
DLX2,POLR1E,0.8212193846702576,1
KLF8,LRRD1,0.821219265460968,1
DLX6,LTK,0.8212192058563232,1
DLX2,NMNAT3,0.8212191462516785,1
GLIS3,LEPR,0.82121741771698,1
E2F5,IGF1,0.8212171792984009,1
KLF2,EPDR1,0.8212164640426636,1
SCRT1,TBC1D22A,0.8212157487869263,1
POU3F4,CHST14,0.8212149143218994,1
SCRT1,HBP1,0.8212141394615173,1
KLF6,MRM1,0.8212136626243591,1
NR1H2,SSR4,0.8212124705314636,1
TFE3,ITGA10,0.8212122321128845,1
NEUROD2,TBX18,0.821211576461792,1
DLX2,TRIM71,0.8212112188339233,1
GLIS2,FOXD1,0.8212106823921204,0
MYT1L,METTL7A1,0.8212087750434875,1
SCRT2,CAGE1,0.821208119392395,1
KLF6,TBX18,0.8212069869041443,1
DLX2,NDUFA2,0.8212063312530518,1
SCRT1,ITM2A,0.8212061524391174,1
MEF2C,FOXD1,0.8212056159973145,1
NR1H2,KLHL14,0.821205198764801,1
ESRRA,PYM1,0.8212042450904846,1
MAFB,BC005624,0.8212026953697205,1
DLX2,NDUFAF5,0.8212021589279175,1
HMBOX1,SLC38A7,0.8212019205093384,1
NR1H2,GNB4,0.8212016224861145,1
POU3F4,CNPY1,0.8212012052536011,1
NR1H2,PLXNB3,0.8212003707885742,0
SCRT2,NDUFB2,0.8212000131607056,1
MEF2C,HEATR3,0.8211997747421265,1
NFIB,BUD31,0.8211988806724548,1
DLX2,ZFP110,0.821198046207428,1
DLX6,KLHL12,0.8211979866027832,1
SOX2,ADIPOR2,0.821197509765625,0
DLX2,ENTPD5,0.8211970329284668,1
KLF8,NKX2-2,0.8211966753005981,1
MEF2C,EPB42,0.8211957216262817,1
KLF3,SLC38A7,0.821194589138031,1
GLIS2,HEATR3,0.8211941123008728,1
NEUROD2,SMDT1,0.8211936950683594,1
MAFB,ZCCHC3,0.8211934566497803,1
TFE3,PEG10,0.8211930990219116,1
NR1H2,TMEM120B,0.8211926221847534,1
NR1H2,PHF11B,0.8211924433708191,1
SCRT1,CACNG8,0.8211920857429504,1
NEUROD1,PEG10,0.8211917281150818,1
SCRT2,DDX58,0.821191132068634,1
MAFB,GRTP1,0.8211910128593445,1
MAFB,PSMB8,0.8211907744407654,1
SCRT1,LRRC20,0.8211904168128967,1
TCF4,PLXDC2,0.8211897611618042,1
DLX2,TATDN3,0.8211890459060669,1
DLX2,HVCN1,0.8211880922317505,1
POU3F2,PGBD1,0.8211864233016968,1
DLX2,IFI35,0.821185827255249,1
KLF6,SMDT1,0.8211857080459595,1
SCRT2,CDCA5,0.8211854696273804,1
POU3F2,DYRK1B,0.8211853504180908,1
SCRT1,2510002D24RIK,0.8211849331855774,1
FOXN2,USP31,0.8211832642555237,1
POU3F4,EEF1AKMT1,0.8211827278137207,1
SCRT1,PTDSS2,0.8211825489997864,1
DLX6,STK11IP,0.8211823105812073,1
DLX2,PSMG4,0.821182131767273,1
TCF4,KEL,0.8211812376976013,1
NR1H2,EIF1B,0.8211811780929565,1
SCRT1,TNFSF8,0.8211807012557983,1
TCF4,FLT1,0.8211807012557983,0
MAFB,DHDDS,0.8211798071861267,1
TFE3,IGF1,0.8211796283721924,1
POU3F2,USP31,0.8211796283721924,1
SCRT1,ADAMTS15,0.8211790919303894,1
NR1H2,MKRN1,0.8211781978607178,1
DLX5,NPRL2,0.8211773037910461,1
SCRT2,F11R,0.8211772441864014,1
BCL11B,LRRD1,0.8211772441864014,1
DNAJC21,LRRD1,0.8211772441864014,1
ETV6,PGBD1,0.8211765885353088,1
KLF12,NEK2,0.821176290512085,1
NR1H2,ATF1,0.8211760520935059,1
ARX,NPRL2,0.8211759328842163,1
POU3F2,DOCK10,0.8211756944656372,1
DLX2,RNASE6,0.8211756348609924,1
MAFB,CKB,0.8211755752563477,1
ETS1,YIPF3,0.8211751580238342,0
MEF2C,RAB11FIP1,0.8211750984191895,0
NR2F1,BUD31,0.8211749792098999,1
NFKB2,NEK2,0.8211740255355835,1
MAFB,GYPA,0.8211734890937805,1
SCRT1,SLC11A2,0.8211728930473328,1
TCF4,CERS1,0.8211728930473328,1
DLX2,SPRY1,0.821172833442688,1
ETV6,USP31,0.8211727142333984,1
SCRT2,FSBP,0.8211722373962402,1
GLIS2,EPB42,0.8211721181869507,1
SCRT2,RBCK1,0.8211719989776611,1
SCRT2,MS4A1,0.821171760559082,1
MEF2A,LRRD1,0.8211714625358582,0
MAFB,ATG4D,0.8211711049079895,1
SCRT1,LRWD1,0.8211711049079895,1
MITF,NPRL2,0.8211710453033447,1
GLIS3,COPZ2,0.8211696147918701,1
DLX2,CENPT,0.821169376373291,1
NR1H2,FAM53B,0.8211688995361328,1
NR1H2,OTUD5,0.8211687803268433,1
HEY2,LRRD1,0.8211687207221985,1
POU3F4,EOGT,0.8211687207221985,1
MYT1L,CHST14,0.8211677670478821,1
MAFB,UFC1,0.8211674094200134,1
ETV6,DYRK1B,0.8211671113967896,1
FLI1,YIPF3,0.8211655020713806,0
SOX2,ITGA10,0.8211654424667358,1
DLX2,FOXC1,0.8211654424667358,1
DLX2,NRG4,0.8211650252342224,1
DLX2,HNRNPH2,0.8211648464202881,1
TCF4,REPS2,0.8211641907691956,1
DLX2,GPR22,0.8211616277694702,1
ETV3,CFAP58,0.8211615681648254,1
POU3F4,GBP3,0.8211615085601807,1
ESR1,NPRL2,0.8211615085601807,0
DLX2,E4F1,0.8211610317230225,1
MAFB,RNF26,0.8211602568626404,1
IRF1,NEK2,0.8211601972579956,0
ELK3,IQCD,0.8211595416069031,1
BCL11B,NKX2-2,0.8211590647697449,1
MEF2C,POLN,0.8211588859558105,1
NR1H2,NACAD,0.8211582899093628,1
NR1H2,RRP8,0.8211581110954285,1
GLIS2,RAB11FIP1,0.8211578130722046,1
MEF2C,LTK,0.821157693862915,1
GLIS2,POLN,0.8211572170257568,1
DLX2,NPAT,0.8211570382118225,1
FOXN2,PGBD1,0.8211570382118225,1
ETV6,DOCK10,0.8211567401885986,1
TCF4,APOLD1,0.8211564421653748,1
POU3F4,4930558K02RIK,0.821155846118927,1
NR1H2,CFAP61,0.8211555480957031,0
DLX2,SYT11,0.8211548328399658,1
GLIS2,LTK,0.8211547136306763,1
MAFB,ADAMTS14,0.8211545944213867,1
KLF2,ADIPOR2,0.8211539387702942,1
DLX2,4930563E22RIK,0.8211537599563599,1
MAFB,JMJD4,0.8211532831192017,1
NEUROD2,ITGB5,0.8211529850959778,1
SCRT2,RASGRP4,0.8211519718170166,1
NR1H2,FGF5,0.8211519718170166,1
NR1H2,MAFK,0.8211516737937927,1
TFE3,SLC38A7,0.8211512565612793,1
NEUROD1,SLC38A7,0.8211509585380554,1
NR1H2,MRPL18,0.8211500644683838,1
DNAJC21,NKX2-2,0.8211500644683838,1
POU3F2,COPZ2,0.8211495876312256,1
OLIG2,NPRL2,0.8211484551429749,1
DLX2,GBP7,0.8211480379104614,1
DLX2,FAM160B2,0.8211479783058167,1
ELK3,JAKMIP3,0.8211472630500793,1
TCF4,TBC1D22A,0.8211472034454346,0
TCF4,HBP1,0.8211472034454346,0
MEF2A,NKX2-2,0.821144700050354,0
TCF4,I830077J02RIK,0.8211442232131958,1
ELK3,EPDR1,0.8211438655853271,1
POU3F4,GABRR3,0.8211433291435242,1
ELF2,CFAP58,0.821142852306366,1
POU3F4,ITGB7,0.8211426734924316,1
MEF2C,KLHL12,0.8211417198181152,1
NR1H2,NUCB1,0.8211413621902466,1
TCF4,CUTC,0.821141242980957,0
SCRT2,EFCAB12,0.8211408853530884,1
DLX2,IRF2,0.8211407661437988,1
NR1H2,CMTM5,0.8211407661437988,1
DLX2,ACER2,0.8211405873298645,1
POU3F2,CCSAP,0.8211404085159302,1
FOXN2,DYRK1B,0.8211404085159302,1
KLF6,ITGB5,0.8211404085159302,1
HEY2,NKX2-2,0.8211402893066406,1
MAFB,CYS1,0.8211396932601929,1
DLX2,TBC1D2B,0.8211394548416138,1
DLX2,PRKAB1,0.8211392164230347,1
MYT1L,CNPY1,0.8211390376091003,1
SMARCC2,PGBD1,0.8211382031440735,1
SMARCC1,YIPF3,0.8211368918418884,0
MYT1L,EEF1AKMT1,0.8211367130279541,1
DLX2,NRBF2,0.8211360573768616,1
TFEB,YIPF3,0.8211360573768616,1
DLX2,MKRN2,0.8211359977722168,1
SMARCC2,DYRK1B,0.8211353421211243,1
GLIS2,KLHL12,0.821134626865387,1
ETV6,CCSAP,0.8211336731910706,1
SCRT1,CAGE1,0.8211336135864258,1
DLX6,BAG5,0.8211332559585571,1
NR1H2,TMEM160,0.821132242679596,1
SOX2,PEG10,0.8211314082145691,0
FOXN2,CCSAP,0.821130633354187,1
KLF8,JAKMIP3,0.8211292624473572,1
DLX2,HERC6,0.8211286067962646,1
FOXN2,DOCK10,0.8211280703544617,1
KLF8,IQCD,0.8211279511451721,1
DLX2,GATC,0.8211269974708557,1
DLX5,BUD31,0.8211266994476318,1
MYT1L,EOGT,0.8211263418197632,1
SMARCC2,DOCK10,0.8211262822151184,1
DLX2,PPOX,0.8211262822151184,1
POU6F1,LRRD1,0.8211262226104736,1
DLX2,CCDC173,0.8211260437965393,1
ELF1,NEK2,0.821125864982605,0
DLX2,TM7SF2,0.8211252093315125,1
TCF4,MAST3,0.8211246728897095,1
SCRT1,NDUFB2,0.8211244940757751,1
NR3C1,YIPF3,0.8211238384246826,0
TCF4,LRRC20,0.8211232423782349,1
NR1H2,SH3TC1,0.8211225867271423,1
TCF4,PTDSS2,0.821122407913208,1
MAFB,PTRHD1,0.8211219310760498,1
MITF,BUD31,0.8211206793785095,1
ETV6,COPZ2,0.8211205005645752,1
NR1H2,WNT6,0.8211198449134827,1
DLX2,FAM98C,0.8211191296577454,1
KLF2,ITGA10,0.8211172819137573,1
ARX,BUD31,0.8211166262626648,1
NEUROD2,MAST3,0.8211164474487305,1
SCRT1,DDX58,0.8211160898208618,1
TCF4,ITM2A,0.8211156129837036,1
KLF6,KEL,0.8211145997047424,1
NEUROD2,KEL,0.8211142420768738,1
NEUROD1,IGF1,0.8211140632629395,1
SMARCC2,USP31,0.8211137652397156,1
DLX2,RAB33A,0.8211135268211365,1
NEUROD2,PLXDC2,0.821113109588623,1
SPI1,YIPF3,0.8211126923561096,0
NR1H2,NFATC2,0.8211126327514648,1
POU3F4,FOXD1,0.8211124539375305,1
STAT2,YIPF3,0.8211122751235962,1
MAFB,STIL,0.8211122155189514,1
MEF2C,BAG5,0.8211116790771484,0
POU3F2,LEPR,0.8211116790771484,0
SCRT1,CDCA5,0.8211106061935425,1
POU2F1,NPRL2,0.8211103677749634,1
NR1H2,ZFP69,0.821110188961029,1
KLF8,EPDR1,0.8211098909378052,1
TCF4,CACNG8,0.8211097121238708,1
KLF6,REPS2,0.8211095333099365,1
NR1H2,MIS18A,0.8211092948913574,1
NEUROD2,CERS1,0.8211091756820679,1
GLIS3,CNPY1,0.8211090564727783,1
GLIS3,METTL7A1,0.8211088180541992,1
NEUROD2,FLT1,0.8211087584495544,1
MEF2C,STK11IP,0.8211082816123962,1
MYT1L,GBP3,0.8211071491241455,1
ESR1,BUD31,0.8211062550544739,1
DLX2,NECTIN4,0.8211057782173157,1
DLX6,PARP12,0.821104884147644,1
KLF6,PLXDC2,0.8211047649383545,1
DLX2,FOXH1,0.8211035132408142,1
NR1H4,LRRD1,0.8211032748222351,0
SCRT1,F11R,0.8211029767990112,1
NEUROD2,REPS2,0.8211027979850769,1
POU3F4,HEATR3,0.8211027979850769,1
DLX6,RPS6KA6,0.8211025595664978,1
NR1H2,LRRC14,0.8211023807525635,1
POU3F2,MTFR1L,0.8211022615432739,1
MAFB,WDSUB1,0.8211020231246948,1
PAX6,NPRL2,0.8211018443107605,1
ZFP148,LRRD1,0.8211016058921814,1
SOX2,SLC38A7,0.8211011290550232,0
KLF6,FLT1,0.8211005330085754,1
KLF6,CERS1,0.8211005330085754,1
ETV6,LEPR,0.8211000561714172,1
ZFX,YIPF3,0.8211000561714172,1
SOX2,IGF1,0.8210999369621277,0
KLF6,MAST3,0.8210997581481934,1
E2F5,ESR2,0.8210996985435486,1
TCF4,2510002D24RIK,0.8210992813110352,1
OLIG2,BUD31,0.8210992217063904,1
GLIS3,MTFR1L,0.821099042892456,1
E2F5,2310011J03RIK,0.8210986852645874,1
SCRT1,FSBP,0.8210978507995605,1
MAFB,TRAPPC1,0.8210973739624023,1
SCRT1,MS4A1,0.8210969567298889,1
GLIS2,STK11IP,0.8210967779159546,1
SCRT2,UCP2,0.8210967183113098,1
DLX2,HAPLN2,0.8210962414741516,1
TCF4,ADAMTS15,0.8210960626602173,1
DLX2,POFUT2,0.821095883846283,1
FOXN2,COPZ2,0.8210955858230591,1
KLF2,PEG10,0.8210946917533875,1
SCRT2,LYPLAL1,0.8210942149162292,1
MAFB,PRICKLE4,0.8210930228233337,1
DLX2,NXN,0.8210930228233337,1
MYT1L,4930558K02RIK,0.8210930228233337,1
DLX2,AQP1,0.8210928440093994,1
BCL11B,JAKMIP3,0.8210921883583069,1
MAFB,BST1,0.821091890335083,1
SCRT1,RBCK1,0.8210917115211487,1
ZFP148,NKX2-2,0.8210915327072144,0
NEUROD2,APOLD1,0.8210912346839905,1
DLX6,PSMB9,0.8210892081260681,1
TCF4,TNFSF8,0.8210884928703308,1
TCF4,LRWD1,0.8210884928703308,0
MAFB,USP16,0.821088433265686,1
MEF2C,PARP12,0.8210879564285278,1
NR1H2,TRIM62,0.8210878372192383,1
SMARCC2,COPZ2,0.8210875988006592,1
GLIS3,CHST14,0.8210875988006592,1
ELF4,2310011J03RIK,0.8210873603820801,1
DLX6,MRM1,0.8210868835449219,1
RUNX1,NEK2,0.8210863471031189,0
BCL11B,IQCD,0.8210863471031189,0
ELF4,ESR2,0.8210856318473816,1
DNAJC21,IQCD,0.8210842609405518,1
MYT1L,GABRR3,0.8210841417312622,1
SMARCC2,CCSAP,0.8210841417312622,1
DLX1,USP31,0.821083128452301,1
MYT1L,ITGB7,0.8210822343826294,1
NR1H4,NKX2-2,0.8210816979408264,1
POU6F1,NKX2-2,0.8210806250572205,1
POU3F4,EPB42,0.8210803270339966,1
DLX2,MCAM,0.8210796117782593,1
POU3F2,METTL7A1,0.821079432964325,1
KLF6,TBC1D22A,0.8210790157318115,1
DNAJC21,JAKMIP3,0.8210789561271667,1
NEUROD2,CUTC,0.8210785984992981,1
NR1H2,NMNAT3,0.821078360080719,1
NEUROD2,I830077J02RIK,0.8210783004760742,1
SCRT1,RASGRP4,0.8210777044296265,1
MEF2A,JAKMIP3,0.8210774064064026,0
NR1H2,NDUFA2,0.8210772275924683,1
KLF6,HBP1,0.8210771083831787,1
HEY2,IQCD,0.8210763931274414,1
MEF2A,IQCD,0.8210763931274414,0
PAX3,LRRD1,0.8210762143135071,1
DLX2,RPL26,0.8210762143135071,1
KLF2,IGF1,0.8210757374763489,1
KLF6,I830077J02RIK,0.8210750222206116,1
DLX2,RFX5,0.8210745453834534,1
DLX2,SLC1A5,0.8210741877555847,1
SCRT2,MCUR1,0.8210735321044922,1
ELK3,ADIPOR2,0.821073055267334,1
SCRT2,PDF,0.8210727572441101,1
TCF4,SLC11A2,0.8210724592208862,1
NR1H2,POLR1E,0.8210718035697937,1
DLX2,STAT4,0.8210709691047668,1
E2F5,TMEM116,0.8210709691047668,1
NEUROD2,TBC1D22A,0.8210709691047668,1
KLF6,APOLD1,0.8210707306861877,1
SMARCC2,LEPR,0.8210707306861877,1
KLF6,CUTC,0.8210704922676086,1
BCL11B,EPDR1,0.8210701942443848,1
NEUROD2,HBP1,0.8210693597793579,1
DLX2,G6PDX,0.821069061756134,1
MYT1L,FOXD1,0.8210688233375549,1
NR1H2,TRIM71,0.8210687041282654,1
SCRT2,RASL12,0.8210686445236206,1
ETV6,MTFR1L,0.8210686445236206,1
GLIS3,4930558K02RIK,0.8210679292678833,1
FOXN2,LEPR,0.8210675120353699,1
HEY2,JAKMIP3,0.8210674524307251,1
MAFB,SUSD3,0.8210674524307251,1
DLX1,DYRK1B,0.821067214012146,1
DLX2,TGFB3,0.8210664987564087,1
DLX1,PGBD1,0.8210663199424744,1
GLIS2,BAG5,0.82106614112854,1
SCRT1,EFCAB12,0.8210660815238953,1
DLX6,TBX18,0.8210660219192505,1
POU3F4,POLN,0.821065366268158,1
DLX2,MTO1,0.8210647702217102,1
MEF2C,PSMB9,0.8210642337799072,1
DNAJC21,EPDR1,0.8210642337799072,1
MYT1L,HEATR3,0.8210639357566833,1
POU3F4,RAB11FIP1,0.8210619688034058,1
NEUROD2,ITM2A,0.821061909198761,1
SCRT2,TBX15,0.8210615515708923,1
ESRRA,PCDH11X,0.8210612535476685,1
PAX3,NKX2-2,0.821060061454773,0
KLF2,SLC38A7,0.8210594654083252,1
NR1H2,ENTPD5,0.8210594654083252,1
NR1H2,NDUFAF5,0.821058988571167,1
DLX2,SP4,0.8210588693618774,1
DLX2,FUT11,0.8210587501525879,1
POU3F4,LTK,0.8210577964782715,1
POU2F1,BUD31,0.8210572600364685,1
SCRT2,LGALS3BP,0.8210570812225342,1
HEY2,EPDR1,0.8210566639900208,1
MEF2A,EPDR1,0.8210565447807312,0
KLF12,NPRL2,0.8210554122924805,1
KLF6,ITM2A,0.8210552334785461,1
DLX1,DOCK10,0.8210548162460327,1
NR1H2,ZFP110,0.8210545778274536,1
DLX2,EFCAB9,0.8210541605949402,1
DLX2,NEU3,0.8210539221763611,1
KLF3,2310011J03RIK,0.8210539221763611,1
RBPJ,YIPF3,0.8210530877113342,1
ETV6,METTL7A1,0.8210524320602417,1
E2F5,USP27X,0.8210514783859253,1
ELF4,USP27X,0.8210510611534119,1
E2F5,ESS2,0.8210504055023193,1
NFKB2,NPRL2,0.8210501074790955,1
KLF8,ADIPOR2,0.8210492730140686,1
GLIS3,GBP3,0.821049153804779,1
KLF3,ESR2,0.8210487961769104,1
NEUROD2,CACNG8,0.8210487365722656,1
NEUROD2,LRRC20,0.8210482597351074,1
GLIS3,EEF1AKMT1,0.8210480809211731,1
TCF4,CAGE1,0.8210480213165283,1
DLX6,SMDT1,0.8210472464561462,1
DLX2,RRP36,0.8210471272468567,1
NR1H2,TATDN3,0.821046769618988,1
HSF2,LRRD1,0.821046769618988,1
MEF2C,RPS6KA6,0.8210462331771851,1
GLIS3,ITGB7,0.8210459351539612,1
HMBOX1,ESR2,0.8210446238517761,1
NR1H2,IFI35,0.8210442066192627,0
DLX2,GPAM,0.8210433125495911,1
HMBOX1,2310011J03RIK,0.8210431933403015,1
DLX2,SYDE2,0.821043074131012,1
DLX2,PGPEP1,0.8210428357124329,1
NEUROD2,2510002D24RIK,0.821042537689209,1
SCRT2,ARL6IP4,0.8210423588752747,1
DLX2,MTFR2,0.8210422396659851,1
KLF6,CACNG8,0.821042001247406,1
KLF6,LRRC20,0.8210415840148926,1
MAFB,ENHO,0.8210415840148926,1
FOXN2,MTFR1L,0.8210414052009583,1
DLX2,PHLPP1,0.8210412263870239,1
KLF6,PTDSS2,0.8210405111312866,0
NR1H2,PSMG4,0.8210404515266418,1
IRF1,NPRL2,0.8210399746894836,0
GLIS2,RPS6KA6,0.8210395574569702,0
POU3F4,KLHL12,0.8210390210151672,1
SCRT2,MAP3K14,0.8210389018058777,1
E2F5,WSCD1,0.8210388422012329,1
TCF4,NDUFB2,0.8210387825965881,1
DLX2,MAD2L1,0.821038007736206,1
SMARCC2,MTFR1L,0.821038007736206,1
MEF2C,TBX18,0.821038007736206,1
GLIS3,GABRR3,0.821037769317627,1
NEUROD2,PTDSS2,0.8210377097129822,1
NR1H2,FOXC1,0.8210374116897583,1
GLIS2,PARP12,0.8210368156433105,1
NEUROD2,TNFSF8,0.8210368156433105,1
MEF2C,MRM1,0.8210365176200867,1
DLX1,COPZ2,0.8210358619689941,1
NEUROD2,ADAMTS15,0.8210345506668091,1
DLX2,LGR5,0.8210344314575195,1
POU3F2,CHST14,0.821033775806427,1
TCF4,DDX58,0.8210335373878479,1
KLF6,ADAMTS15,0.821033239364624,1
NR1H2,SPRY1,0.8210328221321106,1
DLX2,MRPL22,0.8210324048995972,1
RARG,YIPF3,0.8210322260856628,1
KLF12,BUD31,0.8210317492485046,1
DLX1,CCSAP,0.8210316300392151,1
ELK3,ITGA10,0.8210314512252808,1
NR1H2,RNASE6,0.8210312724113464,1
KLF6,TNFSF8,0.8210298418998718,1
NR1H2,GPR22,0.8210296630859375,1
ELF4,TRPC3,0.8210294246673584,1
MYT1L,EPB42,0.8210293650627136,1
SCRT1,UCP2,0.8210289478302002,1
GLIS3,EOGT,0.8210282325744629,1
TCF4,CDCA5,0.8210281729698181,0
ELK3,IGF1,0.8210281729698181,1
HSF2,NKX2-2,0.8210280537605286,1
PAX6,BUD31,0.8210278153419495,1
FOXN2,METTL7A1,0.8210277557373047,1
NR1H2,E4F1,0.8210275173187256,1
NR1H2,CENPT,0.8210268616676331,1
NEUROD2,LRWD1,0.8210268020629883,1
GLIS2,PSMB9,0.8210264444351196,0
ELF4,TMEM116,0.8210251927375793,1
NR1H2,HNRNPH2,0.8210247159004211,1
POU6F1,IQCD,0.8210247159004211,1
ELK3,PEG10,0.8210245966911316,1
GLIS2,MRM1,0.8210241198539734,1
NEUROD2,SLC11A2,0.8210240602493286,1
NR1H2,HVCN1,0.8210240006446838,0
KLF6,2510002D24RIK,0.8210234642028809,1
ELF4,ESS2,0.8210234045982361,1
SCRT2,OGFOD3,0.8210234045982361,1
DLX2,CYTH2,0.8210227489471436,1
NR1H2,NRG4,0.8210226893424988,1
MYT1L,POLN,0.8210226893424988,1
E2F5,TRPC3,0.8210226893424988,1
KLF6,LRWD1,0.821021556854248,1
POU6F1,JAKMIP3,0.8210197687149048,1
TCF4,FSBP,0.8210192322731018,0
NEUROD1,2310011J03RIK,0.8210189342498779,1
SCRT1,LYPLAL1,0.8210189342498779,1
SMARCC2,METTL7A1,0.8210185766220093,1
MEF2C,SMDT1,0.8210183382034302,1
MAFB,TOR1A,0.8210181593894958,1
MYT1L,LTK,0.8210180997848511,1
ZFP148,JAKMIP3,0.8210178017616272,1
TCF4,F11R,0.8210176229476929,1
NR1H4,JAKMIP3,0.8210170865058899,1
NEUROD1,ESR2,0.8210161924362183,1
NR1H2,NPAT,0.8210153579711914,1
TCF4,MS4A1,0.8210150599479675,0
DLX2,TMEM154,0.8210145831108093,1
DLX6,ITGB5,0.8210141658782959,1
ZFP148,IQCD,0.8210136294364929,1
MYT1L,RAB11FIP1,0.8210134506225586,1
NR1H2,SYT11,0.8210134506225586,1
ETV6,CHST14,0.821012556552887,1
POU3F4,STK11IP,0.8210124969482422,1
KLF6,SLC11A2,0.8210116624832153,1
POU3F2,CNPY1,0.8210116028785706,1
NR1H4,IQCD,0.8210115432739258,1
DLX2,RNF10,0.8210111856460571,1
DLX2,CASP8AP2,0.8210102319717407,1
ETS1,NEK2,0.8210099339485168,0
BCL11B,ADIPOR2,0.8210097551345825,1
NR1H2,4930563E22RIK,0.8210095763206482,1
ELF4,WSCD1,0.8210089206695557,1
DLX2,ARNT,0.8210088610649109,1
NR1H2,ACER2,0.8210088610649109,1
NFKB2,BUD31,0.8210084438323975,1
ELF1,NPRL2,0.8210083842277527,0
HMBOX1,USP27X,0.8210081458091736,1
NR1H2,MKRN2,0.8210080862045288,1
NR1H2,GBP7,0.8210070133209229,1
SCRT2,EXOG,0.8210070133209229,1
KLF8,ITGA10,0.8210068345069885,1
DLX2,CSF1R,0.8210054636001587,1
NR1H2,FAM160B2,0.8210044503211975,1
KLF3,USP27X,0.8210040330886841,1
ZFP148,EPDR1,0.8210037350654602,1
NEUROD1,TMEM116,0.8210035562515259,1
SCRT2,UBXN6,0.8210035562515259,1
GLIS2,TBX18,0.8210033774375916,1
SCRT2,DNAJB11,0.8210028409957886,1
KLF3,TMEM116,0.8210021257400513,1
DNAJC21,ADIPOR2,0.8210011720657349,1
POU3F2,EEF1AKMT1,0.8210009336471558,1
FLI1,NEK2,0.8210006952285767,0
FOXN2,CHST14,0.8210006952285767,1
IRF1,BUD31,0.8209996223449707,0
ETV6,CNPY1,0.8209996223449707,1
DLX2,PALB2,0.8209977746009827,1
SCRT1,PDF,0.8209975361824036,1
NR1H2,IRF2,0.8209964632987976,1
DLX2,MYH14,0.8209964036941528,1
NR1H2,NRBF2,0.8209958672523499,1
POU3F2,EOGT,0.8209957480430603,1
DLX2,RWDD4A,0.8209957480430603,1
TFE3,2310011J03RIK,0.8209956288337708,1
MEF2A,ADIPOR2,0.8209951519966125,0
MAFB,SLX4IP,0.8209951519966125,1
TFE3,ESR2,0.8209949135780334,1
SCRT2,OPN5,0.8209947943687439,1
MAFB,KIF14,0.8209943771362305,1
POU6F1,EPDR1,0.8209943175315857,1
MYT1L,STK11IP,0.8209943175315857,1
ELF1,BUD31,0.8209943175315857,0
MAFB,RBM43,0.8209941387176514,1
MAFB,TNFAIP3,0.8209940195083618,1
NR1H2,PRKAB1,0.8209937810897827,1
NR1H4,EPDR1,0.8209931254386902,1
KLF3,ESS2,0.8209930062294006,1
HEY2,ADIPOR2,0.820992648601532,1
TCF4,RASGRP4,0.8209924697875977,1
SCRT1,MCUR1,0.8209918141365051,1
DLX1,MTFR1L,0.8209910988807678,1
SCRT1,RASL12,0.8209910988807678,1
DLX2,EFHC2,0.8209903836250305,1
NEUROD2,CAGE1,0.8209903836250305,1
MYT1L,KLHL12,0.8209903240203857,1
PAX3,JAKMIP3,0.820989727973938,1
DLX2,EPB41L4B,0.820989191532135,1
HMBOX1,TMEM116,0.8209887742996216,1
DLX2,POLR2H,0.8209885358810425,1
SCRT1,TBX15,0.8209884762763977,1
KLF3,WSCD1,0.8209882378578186,1
NR1H2,TM7SF2,0.820988118648529,1
NR1H2,TBC1D2B,0.8209877610206604,1
KLF8,PEG10,0.8209874629974365,1
NFIB,LRRD1,0.8209872245788574,1
SCRT2,KCTD13,0.8209871053695679,1
DLX2,ENPP6,0.8209861516952515,1
SCRT1,LGALS3BP,0.8209853172302246,1
NR1H2,GATC,0.8209848403930664,1
HMBOX1,TRPC3,0.8209843039512634,1
PAX3,IQCD,0.8209840655326843,1
ELK3,SLC38A7,0.8209837079048157,1
DLX2,NOL11,0.8209836483001709,1
TCF4,EFCAB12,0.8209832906723022,1
GLIS2,SMDT1,0.8209832310676575,1
DLX1,LEPR,0.8209830522537231,1
HMBOX1,ESS2,0.8209829926490784,1
KLF6,CAGE1,0.8209825158119202,1
NR1H2,CCDC173,0.8209824562072754,1
NR1H2,HERC6,0.8209813833236694,1
ETV6,EEF1AKMT1,0.8209802508354187,1
NEUROD2,NDUFB2,0.8209800124168396,1
NR1H2,RAB33A,0.8209794759750366,1
NR1H2,FAM98C,0.8209792971611023,1
KLF3,TRPC3,0.8209790587425232,1
SCRT2,XBP1,0.8209787607192993,1
MAFB,CMPK2,0.8209785223007202,1
MAFB,UBAP1,0.8209784030914307,1
NR1H2,PPOX,0.8209782242774963,1
DLX2,WDR89,0.8209778666496277,1
GLIS3,FOXD1,0.8209771513938904,1
KLF6,NDUFB2,0.8209766745567322,1
DLX2,RNF170,0.8209764957427979,1
KLF8,IGF1,0.8209762573242188,1
DLX2,EDEM2,0.8209760785102844,1
POU3F2,GBP3,0.8209739923477173,1
NFIB,NKX2-2,0.8209730386734009,1
NR1H2,AQP1,0.8209729194641113,1
NEUROD2,DDX58,0.8209725618362427,1
NEUROD1,USP27X,0.8209705352783203,1
DLX6,PLXDC2,0.8209705352783203,1
PAX3,EPDR1,0.8209704756736755,1
SCRT2,BTAF1,0.8209702968597412,1
DLX2,ITGA1,0.8209700584411621,1
FOXN2,CNPY1,0.8209698796272278,1
SMARCC2,CHST14,0.8209697604179382,1
BCL11B,ITGA10,0.8209693431854248,1
SCRT1,MAP3K14,0.8209693431854248,1
DLX2,MCM2,0.8209691047668457,1
POU3F2,4930558K02RIK,0.8209689855575562,1
KLF6,DDX58,0.8209686279296875,1
SCRT1,ARL6IP4,0.8209686279296875,1
ETV6,EOGT,0.820968508720398,1
SMARCC2,CNPY1,0.820968508720398,1
MAFB,ZDHHC20,0.8209684491157532,1
NEUROD2,CDCA5,0.8209670782089233,1
SMARCC1,NEK2,0.8209670782089233,0
HMBOX1,WSCD1,0.8209663033485413,1
FOXN2,EEF1AKMT1,0.8209659457206726,1
DLX2,RNASEH2C,0.8209659457206726,1
POU3F4,BAG5,0.8209659457206726,1
DLX6,KEL,0.8209656476974487,1
DLX2,HEMGN,0.8209655284881592,1
DLX6,FLT1,0.8209655284881592,1
DLX1,METTL7A1,0.820965051651001,1
DLX6,CERS1,0.8209642767906189,1
ETV4,YIPF3,0.8209636211395264,0
TFEB,NEK2,0.8209633231163025,1
KLF6,CDCA5,0.8209633231163025,1
NEUROD1,WSCD1,0.8209631443023682,1
NR2F1,LRRD1,0.8209627270698547,0
RUNX1,NPRL2,0.820961594581604,0
NR1H2,HAPLN2,0.8209611177444458,1
TCF4,UCP2,0.8209609985351562,0
TCF4,RBCK1,0.8209606409072876,1
NEUROD1,ESS2,0.820960521697998,1
DNAJC21,ITGA10,0.8209604024887085,1
NR1H2,FOXH1,0.8209599852561951,1
HSF2,JAKMIP3,0.8209596276283264,1
ETV6,GBP3,0.8209593892097473,1
DLX2,TLCD1,0.820959210395813,1
NR1H2,NECTIN4,0.82095867395401,1
NR3C1,NEK2,0.82095867395401,0
MEF2C,ITGB5,0.82095867395401,1
POU3F2,GABRR3,0.8209585547447205,1
NEUROD2,F11R,0.8209585547447205,1
MAFB,IRF2BP1,0.8209575414657593,1
HSF2,IQCD,0.8209573030471802,1
GLIS3,HEATR3,0.8209573030471802,1
SCRT2,ZCCHC4,0.8209571838378906,1
TFE3,USP27X,0.8209571838378906,1
GLIS3,EPB42,0.8209570646286011,1
SCRT2,GM32687,0.8209564685821533,1
DLX6,MAST3,0.8209562301635742,1
NEUROD2,FSBP,0.8209561705589294,1
MEF2A,ITGA10,0.8209555149078369,0
CUX1,YIPF3,0.8209553360939026,0
MEF2C,KEL,0.8209552764892578,1
ETV6,4930558K02RIK,0.8209549784660339,1
NR1H2,POFUT2,0.8209548592567444,1
GLIS2,ITGB5,0.8209538459777832,1
NEUROD2,MS4A1,0.8209534883499146,1
DLX6,REPS2,0.8209530115127563,1
KLF6,FSBP,0.8209529519081116,1
DLX2,ADAMTS3,0.8209527134895325,1
MEF2C,REPS2,0.8209518790245056,1
KLF6,F11R,0.820951521396637,1
FOXN2,EOGT,0.8209508657455444,1
KLF8,SLC38A7,0.8209505081176758,1
SCRT1,OGFOD3,0.8209501504898071,1
HEY2,ITGA10,0.8209494352340698,1
KLF6,MS4A1,0.8209492564201355,1
CEBPB,YIPF3,0.8209492564201355,0
MEF2C,MAST3,0.8209490776062012,0
MAFB,KLHL14,0.82094806432724,1
SCRT2,IFITM10,0.8209474682807922,1
POU3F4,PARP12,0.8209469318389893,1
SPI1,NEK2,0.8209466934204102,0
DLX6,APOLD1,0.8209463357925415,1
NR2F1,NKX2-2,0.8209462761878967,1
BCL11B,PEG10,0.8209457397460938,1
SOX2,ESR2,0.8209453821182251,0
STAT2,NEK2,0.8209450840950012,1
DNAJC21,PEG10,0.8209440112113953,1
NR1H2,SLC1A5,0.8209426403045654,1
NEUROD1,TRPC3,0.8209420442581177,1
MAFB,GNB4,0.8209415078163147,1
POU3F4,RPS6KA6,0.8209414482116699,1
POU3F2,FOXD1,0.8209412097930908,1
HSF2,EPDR1,0.8209410309791565,1
NEUROD2,RBCK1,0.8209409713745117,1
HEY2,IGF1,0.8209409713745117,1
POU6F1,ADIPOR2,0.8209407329559326,1
NR1H2,RPL26,0.8209400773048401,1
MAFB,SSR4,0.820939838886261,1
MAFB,PLXNB3,0.8209396004676819,1
ETV6,GABRR3,0.8209393620491028,1
NR1H2,NXN,0.8209385871887207,1
DNAJC21,IGF1,0.8209385871887207,1
SMARCC2,EEF1AKMT1,0.8209384083747864,1
GLIS3,RAB11FIP1,0.820938229560852,1
FOXN2,GBP3,0.820937991142273,1
TFE3,TMEM116,0.8209378123283386,1
HEY2,PEG10,0.82093745470047,1
ZFP148,ADIPOR2,0.8209370970726013,1
POU3F2,ITGB7,0.820936381816864,1
DLX2,NEURL4,0.8209361433982849,1
MEF2A,PEG10,0.8209359645843506,1
NR1H2,RFX5,0.8209354877471924,1
ETV6,ITGB7,0.8209353685379028,1
NR1H4,ADIPOR2,0.8209347128868103,1
SOX2,2310011J03RIK,0.8209347128868103,1
ZFX,NEK2,0.820934534072876,0
TFE3,ESS2,0.8209343552589417,1
MAFB,OTUD5,0.8209340572357178,1
TFE3,TRPC3,0.820933997631073,1
TCF4,LYPLAL1,0.8209335207939148,0
NEUROD2,RASGRP4,0.8209332823753357,1
SCRT1,EXOG,0.8209328651428223,1
DLX6,I830077J02RIK,0.8209324479103088,1
DLX2,PAK1,0.8209322094917297,1
MEF2C,PLXDC2,0.820932149887085,1
DLX6,CUTC,0.820932149887085,1
MEF2C,FLT1,0.820932149887085,1
SCRT1,UBXN6,0.8209320306777954,1
MAFB,TMEM120B,0.8209317922592163,1
NR1H2,MCAM,0.8209316730499268,1
FOXN2,ITGB7,0.8209313154220581,1
NR1H2,MTO1,0.8209307789802551,1
MEF2C,CERS1,0.8209307789802551,1
DLX2,PSTK,0.8209303617477417,1
NR1H2,TGFB3,0.8209301233291626,1
POU3F4,PSMB9,0.8209298849105835,1
SMARCC2,EOGT,0.8209298849105835,1
POU3F4,MRM1,0.820929229259491,1
NR1H2,STAT4,0.8209289312362671,1
NR1H2,SP4,0.8209285140037537,1
POU3F2,HEATR3,0.8209280967712402,1
DLX2,CTSS,0.8209280371665955,1
DLX2,TFR2,0.8209279775619507,1
TCF4,LGALS3BP,0.820927083492279,0
SMARCC2,4930558K02RIK,0.8209262490272522,1
GLIS3,POLN,0.8209261894226074,1
KLF6,RASGRP4,0.8209257125854492,1
DLX6,TBC1D22A,0.8209257125854492,1
BCL11B,IGF1,0.8209254145622253,1
NR1H2,G6PDX,0.8209254145622253,1
KLF6,RBCK1,0.8209250569343567,1
SCRT1,DNAJB11,0.8209248781204224,1
DLX6,HBP1,0.8209248185157776,1
DLX2,ZGPAT,0.8209242820739746,1
FOXN2,4930558K02RIK,0.8209227323532104,1
SMARCC2,GBP3,0.8209226727485657,1
TCF4,TBX15,0.8209224939346313,1
MAFB,PHF11B,0.8209224343299866,1
NEUROD2,EFCAB12,0.8209221959114075,1
TCF4,PDF,0.8209221959114075,1
GLIS3,LTK,0.8209206461906433,1
DLX2,ADAMTS4,0.820919930934906,1
NR1H2,FUT11,0.8209198713302612,1
TFE3,WSCD1,0.8209195733070374,1
SCRT1,OPN5,0.8209195137023926,1
MEF2A,IGF1,0.8209192752838135,0
DLX1,CHST14,0.8209179043769836,1
KLF6,EFCAB12,0.8209176063537598,1
MAFB,MKRN1,0.8209171891212463,1
NR1H2,SYDE2,0.8209164142608643,1
POU6F1,ITGA10,0.8209155797958374,1
ETV6,FOXD1,0.8209152817726135,1
MAFB,RRP8,0.8209152817726135,1
NR1H2,NEU3,0.8209148645401001,1
NR1H2,EFCAB9,0.820914626121521,1
DLX5,LRRD1,0.8209144473075867,1
DLX2,EAF1,0.8209143877029419,1
BCL11B,SLC38A7,0.8209139108657837,0
FOXN2,GABRR3,0.8209132552146912,1
ESRRA,CFAP58,0.8209130167961121,1
GLIS2,KEL,0.8209125995635986,1
SCRT1,KCTD13,0.8209124803543091,1
MAFB,FAM53B,0.8209120631217957,1
DLX6,ITM2A,0.8209119439125061,1
SCRT2,BC005624,0.820911705493927,1
GLIS2,PLXDC2,0.820911705493927,1
SCRT2,UFC1,0.8209106922149658,1
MYT1L,BAG5,0.8209104537963867,1
MAFB,EIF1B,0.8209102153778076,1
SOX2,USP27X,0.8209100961685181,0
DLX2,SMAP2,0.8209099769592285,1
MEF2C,TBC1D22A,0.8209097385406494,1
GLIS3,KLHL12,0.8209089040756226,1
SCRT2,GRTP1,0.820908784866333,1
MAFB,ATF1,0.820908784866333,1
PAX3,ADIPOR2,0.820907473564148,1
MEF2C,HBP1,0.8209067583084106,1
MITF,LRRD1,0.8209065794944763,0
NR1H2,MAD2L1,0.8209059238433838,1
POU3F4,TBX18,0.820905864238739,1
SMARCC2,GABRR3,0.8209055662155151,1
NR1H2,PHLPP1,0.8209049701690674,1
TCF4,MAP3K14,0.8209049105644226,0
DNAJC21,SLC38A7,0.8209046721458435,1
DLX6,LRRC20,0.8209044933319092,1
NR1H2,GPAM,0.8209040760993958,1
ETV6,HEATR3,0.8209040760993958,1
ARX,LRRD1,0.8209040760993958,1
DLX2,HMCN1,0.8209039568901062,1
SCRT2,CKB,0.8209037184715271,1
MEF2C,CUTC,0.8209037184715271,1
MEF2C,I830077J02RIK,0.8209037184715271,1
DLX2,PPP1CA,0.820902943611145,1
TCF4,RASL12,0.820902943611145,1
MEF2C,APOLD1,0.820902943611145,0
SCRT2,PSMB8,0.8209028244018555,1
SCRT1,XBP1,0.8209024667739868,1
GLIS2,FLT1,0.8209023475646973,1
NR1H2,PGPEP1,0.8209019899368286,1
POU3F2,EPB42,0.8209013938903809,1
DLX6,CACNG8,0.8209012746810913,1
ZFP384,YIPF3,0.8209010362625122,0
DLX2,PDLIM7,0.8209010362625122,1
E2F5,PGBD1,0.8208998441696167,1
NR1H2,MRPL22,0.8208998441696167,1
KLF2,ESR2,0.8208997845649719,1
GLIS2,CERS1,0.8208996057510376,1
NFIB,IQCD,0.8208995461463928,1
DLX6,PTDSS2,0.8208969235420227,1
MEF2A,SLC38A7,0.8208969235420227,0
MAFB,NACAD,0.8208968043327332,1
NR1H4,ITGA10,0.8208956718444824,1
NR1H2,RRP36,0.8208955526351929,1
KLF2,2310011J03RIK,0.8208951950073242,1
DLX5,NKX2-2,0.8208951950073242,1
NR1H2,LGR5,0.8208950757980347,1
MYT1L,RPS6KA6,0.8208950161933899,1
DLX2,SAMD9L,0.8208949565887451,1
MAFB,CFAP61,0.8208948373794556,1
MEF2C,ITM2A,0.8208945989608765,1
HEY2,SLC38A7,0.8208945393562317,1
SCRT1,BTAF1,0.8208943009376526,1
DLX6,2510002D24RIK,0.8208935856819153,1
POU3F2,POLN,0.820893406867981,1
NFIB,JAKMIP3,0.8208926916122437,1
SCRT2,GYPA,0.8208913207054138,1
ESR1,LRRD1,0.8208913207054138,0
MAFB,MRPL18,0.8208913207054138,1
DLX2,DBR1,0.8208911418914795,1
GLIS2,REPS2,0.8208909034729004,1
ZFP148,ITGA10,0.8208908438682556,1
MITF,NKX2-2,0.820889413356781,1
POU3F2,LTK,0.8208892941474915,1
DLX1,EEF1AKMT1,0.8208892345428467,1
ARX,NKX2-2,0.8208890557289124,0
FOXN2,HEATR3,0.8208885788917542,1
POU3F4,SMDT1,0.8208885788917542,1
MAFB,MAFK,0.8208884596824646,1
NFIB,EPDR1,0.820888102054596,1
OLIG2,LRRD1,0.8208880424499512,1
TCF4,ARL6IP4,0.8208879232406616,1
FOXN2,FOXD1,0.8208870887756348,1
MYT1L,PARP12,0.8208868503570557,1
DLX6,ADAMTS15,0.820886492729187,1
SOX2,TMEM116,0.8208861947059631,1
DLX1,CNPY1,0.8208860754966736,1
DLX6,TNFSF8,0.8208860158920288,1
SMARCC2,ITGB7,0.8208858370780945,1
NEUROD2,UCP2,0.8208858370780945,1
RBPJ,NEK2,0.8208855986595154,1
SOX2,TRPC3,0.8208854794502258,1
DLX2,CCDC15,0.8208851218223572,1
RUNX1,BUD31,0.8208850026130676,0
DLX2,GADD45A,0.8208848237991333,1
SMARCC2,FOXD1,0.820884644985199,1
ETS1,NPRL2,0.8208844065666199,0
NR1H2,MTFR2,0.8208832740783691,1
DLX2,NMI,0.8208831548690796,1
SCRT2,DHDDS,0.82088303565979,1
TCF4,MCUR1,0.8208829760551453,1
NR1H2,CYTH2,0.820882260799408,1
POU3F2,RAB11FIP1,0.8208817839622498,1
DLX2,RSRP1,0.8208816647529602,1
SCRT1,GM32687,0.8208816647529602,1
SCRT1,ZCCHC4,0.8208816051483154,1
SCRT2,ATG4D,0.8208810687065125,1
E2F5,USP31,0.8208808302879333,1
MAFB,FGF5,0.8208802342414856,1
DLX1,EOGT,0.8208801746368408,1
NR1H2,CASP8AP2,0.8208800554275513,1
SCRT2,RNF26,0.8208797574043274,1
DLX6,LRWD1,0.8208797574043274,1
MAF,YIPF3,0.8208796977996826,1
MYT1L,MRM1,0.8208794593811035,1
POU6F1,PEG10,0.8208794593811035,1
NR1H2,CSF1R,0.820879340171814,1
SCRT2,ZCCHC3,0.8208792209625244,1
HSF2,ADIPOR2,0.8208788633346558,1
ETV6,EPB42,0.8208786249160767,1
DLX2,SLC13A5,0.8208783864974976,1
SOX2,ESS2,0.8208783268928528,0
DLX2,PNRC2,0.8208779692649841,1
MEF2C,CACNG8,0.8208779692649841,1
DLX6,SLC11A2,0.8208779096603394,1
MAFB,NUCB1,0.8208779096603394,1
ZFP148,PEG10,0.8208767771720886,1
FLI1,NPRL2,0.8208757638931274,0
E2F5,DYRK1B,0.8208755850791931,1
DLX2,ZFP867,0.8208755850791931,1
ESR1,NKX2-2,0.8208746910095215,1
NR2F1,JAKMIP3,0.8208742141723633,1
MEF2C,TNFSF8,0.8208734393119812,1
GLIS2,APOLD1,0.8208734393119812,1
SCRT1,IFITM10,0.8208723664283752,1
NEUROD2,LYPLAL1,0.8208717107772827,1
NR1H2,ARNT,0.8208714723587036,1
NR2F1,IQCD,0.8208712935447693,1
DLX2,KCNH8,0.8208712339401245,1
KLF6,LYPLAL1,0.8208712339401245,1
MYT1L,PSMB9,0.8208709955215454,1
KLF6,UCP2,0.8208704590797424,1
OLIG2,NKX2-2,0.8208703398704529,0
GLIS2,I830077J02RIK,0.8208702206611633,1
NR1H2,RNF10,0.8208702206611633,1
PAX3,ITGA10,0.8208696246147156,0
ZFP148,IGF1,0.8208696246147156,1
NR1H4,PEG10,0.8208695650100708,1
E2F5,DOCK10,0.8208695650100708,1
MEF2C,LRRC20,0.8208691477775574,1
SCRT2,JMJD4,0.8208690881729126,1
MEF2C,ADAMTS15,0.820868968963623,1
GLIS2,TBC1D22A,0.8208686113357544,1
GLIS2,CUTC,0.8208686113357544,1
GLIS2,HBP1,0.8208679556846619,1
MEF2C,2510002D24RIK,0.8208678960800171,1
MAFB,SH3TC1,0.8208675980567932,1
ETV6,POLN,0.8208670616149902,1
GLIS3,BAG5,0.8208670616149902,1
MAFB,CMTM5,0.8208666443824768,1
RARG,NEK2,0.82086580991745,0
TCF4,OGFOD3,0.8208656311035156,1
GLIS2,MAST3,0.8208650350570679,1
KLF2,USP27X,0.8208647966384888,1
SCRT2,ADAMTS14,0.820864737033844,1
DLX2,CD180,0.8208645582199097,1
POU3F2,KLHL12,0.8208644986152649,1
SMARCC2,HEATR3,0.8208642601966858,1
ELF4,USP31,0.820863664150238,1
MAFB,TMEM160,0.8208633661270142,1
MEF2C,PTDSS2,0.8208622336387634,1
ETV6,RAB11FIP1,0.8208616971969604,1
DLX2,DAZAP1,0.8208615779876709,1
ETV6,LTK,0.820861279964447,1
NR1H2,TMEM154,0.8208599090576172,1
DLX2,FAM126A,0.8208597302436829,1
MAFB,LRRC14,0.8208594918251038,1
NR1H2,RWDD4A,0.8208594918251038,1
NR1H2,EPB41L4B,0.8208591938018799,1
DLX2,CPS1,0.8208586573600769,1
KLF6,PDF,0.8208585381507874,1
NR1H2,EFHC2,0.8208582401275635,1
NR2F1,EPDR1,0.8208582401275635,1
POU3F4,ITGB5,0.8208569288253784,1
DLX1,GBP3,0.8208565711975098,1
FOXN2,EPB42,0.8208564519882202,1
DLX2,NUDT1,0.8208560347557068,1
NR1H2,PALB2,0.8208557963371277,1
NEUROD2,PDF,0.8208553194999695,1
TCF4,UBXN6,0.8208549618721008,0
MEF2C,LRWD1,0.8208545446395874,1
SCRT2,CYS1,0.820854127407074,1
MAFB,WNT6,0.8208540678024292,0
MAFB,MIS18A,0.8208534717559814,1
SOX2,WSCD1,0.8208534121513367,0
DLX2,RNPEP,0.8208527565002441,1
KLF3,USP31,0.8208521008491516,1
DLX2,WSCD2,0.8208518028259277,1
ELF4,DYRK1B,0.820850133895874,1
E2F5,CCSAP,0.8208498954772949,1
MYT1L,TBX18,0.8208492398262024,1
NR1H2,ENPP6,0.8208492398262024,1
ZFP148,SLC38A7,0.8208484053611755,1
TCF4,EXOG,0.820848286151886,0
MAFB,ZFP69,0.8208481073379517,1
NR1H2,MYH14,0.8208476901054382,1
NEUROD2,RASL12,0.8208475708961487,1
DLX2,AZIN1,0.8208470940589905,1
NR1H4,IGF1,0.8208470940589905,1
KLF6,TBX15,0.8208469748497009,1
SMARCC1,NPRL2,0.8208469152450562,1
GLIS2,LRRC20,0.8208469152450562,1
NEUROD2,MCUR1,0.820846438407898,1
KLF6,RASL12,0.8208463191986084,1
POU6F1,IGF1,0.8208461999893188,1
GLIS2,ITM2A,0.8208460211753845,1
GLIS3,PARP12,0.8208458423614502,1
ELF4,PGBD1,0.8208457231521606,1
KLF6,MCUR1,0.8208456039428711,1
KLF6,LGALS3BP,0.8208455443382263,1
PAX3,PEG10,0.820845365524292,1
NEUROD2,TBX15,0.8208447098731995,1
NR1H2,EDEM2,0.820843517780304,1
DLX2,SPCS1,0.820843517780304,1
FOXN2,POLN,0.8208428025245667,1
NR1H2,NOL11,0.8208428025245667,1
POU2F1,LRRD1,0.8208427429199219,1
NR1H2,ITGA1,0.8208427429199219,1
MAFB,NFATC2,0.8208425641059875,1
SMARCC2,EPB42,0.8208425045013428,1
NEUROD2,LGALS3BP,0.8208425045013428,1
NR1H2,HEMGN,0.8208420872688293,1
DLX2,WNK4,0.8208420276641846,1
FOXN2,LTK,0.8208420276641846,1
DLX6,CAGE1,0.8208414316177368,1
TFEB,NPRL2,0.8208411335945129,1
ELF4,DOCK10,0.8208409547805786,1
KLF2,TRPC3,0.8208408951759338,1
FOXN2,RAB11FIP1,0.8208406567573547,1
DLX1,4930558K02RIK,0.8208405375480652,1
KLF2,TMEM116,0.8208401799201965,1
GLIS2,CACNG8,0.8208389282226562,1
ETV6,KLHL12,0.8208383917808533,1
GLIS2,PTDSS2,0.8208379745483398,1
SCRT1,BC005624,0.820837676525116,1
KLF3,PGBD1,0.8208373188972473,1
SCRT2,PTRHD1,0.8208372592926025,1
KLF2,ESS2,0.820836067199707,1
NR1H4,SLC38A7,0.8208358287811279,1
NR1H2,RNF170,0.8208358287811279,1
NR1H2,WDR89,0.8208357691764832,1
FOXN2,STK11IP,0.8208352327346802,1
DLX2,ESAM,0.8208345174789429,1
DLX1,GABRR3,0.820834219455719,1
HSF2,ITGA10,0.8208339810371399,1
SMARCC2,POLN,0.8208332657814026,1
SCRT1,UFC1,0.8208328485488892,1
SCRT1,GRTP1,0.8208327889442444,1
NR3C1,NPRL2,0.820832371711731,1
POU6F1,SLC38A7,0.8208317160606384,1
DLX6,NDUFB2,0.8208316564559937,1
MYT1L,SMDT1,0.8208315372467041,1
GLIS3,PSMB9,0.820831298828125,1
SCRT1,PSMB8,0.8208312392234802,1
MEF2C,SLC11A2,0.8208302855491638,1
DLX2,GGACT,0.8208296298980713,1
TCF4,OPN5,0.8208295702934265,1
NR1H2,MCM2,0.8208290934562683,1
TCF4,KCTD13,0.8208284378051758,1
GLIS3,STK11IP,0.8208271265029907,1
NR1H2,RNASEH2C,0.8208265900611877,1
NEUROD2,ARL6IP4,0.820826530456543,1
E2F5,LEPR,0.8208263516426086,1
NEUROD2,MAP3K14,0.8208261132240295,1
DLX2,SPTLC3,0.8208257555961609,1
POU2F1,NKX2-2,0.8208255171775818,0
SMARCC2,RAB11FIP1,0.8208252787590027,1
SMARCC2,LTK,0.8208250403404236,1
NR1H2,POLR2H,0.820824921131134,1
DLX1,FOXD1,0.8208246827125549,1
DLX1,ITGB7,0.8208245038986206,1
GLIS2,ADAMTS15,0.8208244442939758,1
KLF12,LRRD1,0.8208244442939758,1
ELF4,COPZ2,0.8208243250846863,1
DLX6,DDX58,0.8208240866661072,1
SCRT1,CKB,0.8208240866661072,1
GLIS2,2510002D24RIK,0.8208240270614624,1
POU3F2,STK11IP,0.8208236694335938,1
DLX5,IQCD,0.8208233714103699,1
SCRT2,STIL,0.8208231925964355,1
PAX3,IGF1,0.8208220601081848,1
DLX5,JAKMIP3,0.82082200050354,0
STAT2,NPRL2,0.8208214640617371,1
SPI1,NPRL2,0.8208214640617371,0
DLX2,TCTA,0.8208213448524475,1
MEF2C,CAGE1,0.8208212852478027,1
KLF6,ARL6IP4,0.8208208680152893,1
ELK3,2310011J03RIK,0.8208207488059998,1
GLIS2,TNFSF8,0.8208206295967102,1
MITF,JAKMIP3,0.8208203911781311,0
DLX2,CLEC2D,0.8208202123641968,1
NEUROD1,PGBD1,0.8208199739456177,1
DLX2,CFAP20,0.8208194971084595,1
DLX2,BTG3,0.8208194375038147,1
NFIB,ADIPOR2,0.8208194375038147,1
DLX6,CDCA5,0.8208187818527222,1
E2F5,COPZ2,0.8208185434341431,1
MAFB,TRIM62,0.8208184838294983,1
DLX1,HEATR3,0.8208183646202087,1
NR1H2,TLCD1,0.8208183646202087,1
SCRT2,BST1,0.8208182454109192,1
KLF3,DYRK1B,0.8208178877830505,1
MITF,IQCD,0.8208178281784058,0
MAFB,NDUFA2,0.8208171129226685,1
HSF2,PEG10,0.8208170533180237,0
DLX2,SFXN5,0.8208168745040894,1
TCF4,XBP1,0.8208162784576416,1
KLF6,MAP3K14,0.820816159248352,1
PAX3,SLC38A7,0.8208160400390625,1
GLIS2,LRWD1,0.8208158016204834,1
ELK3,ESR2,0.8208158016204834,1
SMARCC1,BUD31,0.8208158016204834,0
SCRT1,GYPA,0.8208155035972595,1
KLF2,WSCD1,0.8208153247833252,1
PAX6,LRRD1,0.8208150267601013,1
SCRT2,WDSUB1,0.8208150267601013,1
ARX,IQCD,0.8208149671554565,1
ARX,JAKMIP3,0.8208143711090088,1
ETV6,STK11IP,0.8208139538764954,1
MEF2C,NDUFB2,0.8208138346672058,1
HMBOX1,USP31,0.8208135962486267,1
POU3F4,PLXDC2,0.8208133578300476,1
KLF3,DOCK10,0.8208131790161133,1
MAFB,POLR1E,0.820813000202179,1
GLIS3,RPS6KA6,0.8208119869232178,1
NR1H2,ADAMTS3,0.8208119869232178,1
POU3F4,KEL,0.8208115100860596,1
DLX2,BAK1,0.8208112716674805,1
DLX6,F11R,0.8208109140396118,1
HMBOX1,DYRK1B,0.8208104968070984,1
FOXN2,KLHL12,0.8208104968070984,1
TCF4,BTAF1,0.8208097815513611,0
SCRT2,TRAPPC1,0.8208096623420715,1
DLX2,TUBA1C,0.8208094239234924,1
DLX5,EPDR1,0.8208088278770447,1
ZFX,NPRL2,0.8208086490631104,0
HSF2,IGF1,0.8208080530166626,1
MEF2C,DDX58,0.8208078742027283,0
MYT1L,ITGB5,0.8208073973655701,1
HMBOX1,PGBD1,0.8208072185516357,1
DLX6,FSBP,0.8208069801330566,1
SMARCC2,KLHL12,0.8208065629005432,0
PAX6,NKX2-2,0.8208063244819641,0
MAFB,TRIM71,0.8208060264587402,1
POU3F4,FLT1,0.8208060264587402,1
DLX2,CLEC2I,0.8208054304122925,1
ELF4,CCSAP,0.8208054304122925,1
GLIS3,MRM1,0.8208053708076477,1
NEUROD2,OGFOD3,0.8208053708076477,1
DLX6,MS4A1,0.8208051919937134,1
SCRT1,RNF26,0.8208049535751343,1
NEUROD1,DYRK1B,0.8208048343658447,1
TCF4,DNAJB11,0.8208046555519104,1
SCRT2,PRICKLE4,0.8208045959472656,1
POU3F4,CERS1,0.820804238319397,1
GLIS3,TBX18,0.8208039402961731,1
SCRT1,ATG4D,0.8208039402961731,1
ESR1,JAKMIP3,0.8208033442497253,1
TFEB,BUD31,0.8208032846450806,1
ESR1,IQCD,0.8208031058311462,0
ARX,EPDR1,0.8208025693893433,1
HMBOX1,DOCK10,0.8208022713661194,1
SCRT1,ZCCHC3,0.8208020329475403,1
MITF,EPDR1,0.8208019137382507,1
SCRT2,USP16,0.8208017945289612,1
SCRT1,DHDDS,0.8208014965057373,1
MEF2C,CDCA5,0.8208011388778687,1
DLX2,PRR18,0.8208009600639343,1
DLX2,NLRP3,0.8208004832267761,1
ETS1,BUD31,0.8207999467849731,0
MAFB,NMNAT3,0.8207995891571045,1
ETV4,NEK2,0.8207993507385254,1
KLF6,OGFOD3,0.8207988142967224,1
TCF4,GM32687,0.8207986354827881,1
OLIG2,JAKMIP3,0.8207981586456299,0
NR1H2,CTSS,0.8207969665527344,1
NR1H2,NEURL4,0.8207967877388,1
GLIS2,SLC11A2,0.8207964897155762,1
KLF3,CCSAP,0.8207960724830627,1
OLIG2,IQCD,0.820796012878418,1
MAFB,NDUFAF5,0.8207952380180359,1
MEF2C,FSBP,0.820794939994812,1
DLX2,GLRX5,0.820794939994812,1
NR1H2,PAK1,0.8207947611808777,1
NFKB2,LRRD1,0.8207947611808777,1
NEUROD1,USP31,0.8207945227622986,1
KLF8,ESR2,0.8207944631576538,1
NR2F1,ADIPOR2,0.820793867111206,1
ETV3,YIPF3,0.820793867111206,1
TCF4,ZCCHC4,0.8207938075065613,1
SCRT1,JMJD4,0.820793628692627,1
NEUROD1,DOCK10,0.8207930326461792,1
FLI1,BUD31,0.8207929134368896,0
NR1H2,PSTK,0.8207921981811523,1
SCRT1,ADAMTS14,0.8207914233207703,1
POU3F4,REPS2,0.8207911849021912,1
POU3F4,MAST3,0.8207910656929016,0
KLF12,NKX2-2,0.8207910656929016,1
DLX2,ST8SIA6,0.8207904696464539,1
CUX1,NEK2,0.82079017162323,0
NEUROD2,EXOG,0.8207895755767822,1
POU3F4,APOLD1,0.8207894563674927,1
DLX2,SNX17,0.8207893371582031,1
ESR1,EPDR1,0.8207891583442688,0
MAFB,ZFP110,0.8207891583442688,1
KLF8,2310011J03RIK,0.8207883834838867,1
NEUROD2,UBXN6,0.8207882642745972,1
SCRT2,SUSD3,0.8207880854606628,1
DLX2,GP1BB,0.8207879662513733,1
MEF2C,MS4A1,0.8207877278327942,0
IRF1,LRRD1,0.8207876086235046,0
MEF2C,F11R,0.8207867741584778,1
DLX6,RASGRP4,0.8207863569259644,1
DLX6,RBCK1,0.8207862377166748,1
DLX2,HAPLN1,0.8207859396934509,1
TCF4,IFITM10,0.8207852840423584,1
NR1H2,TFR2,0.8207851648330688,1
MAFB,TATDN3,0.8207848072052002,1
ELF4,MTFR1L,0.8207845687866211,1
ELK3,USP27X,0.8207840919494629,1
GLIS3,SMDT1,0.8207834362983704,1
MAFB,ENTPD5,0.8207833766937256,1
CEBPB,NEK2,0.8207828998565674,0
HSF2,SLC38A7,0.8207828998565674,1
KLF6,EXOG,0.8207827210426331,1
NR1H2,ZGPAT,0.820782482624054,1
OLIG2,EPDR1,0.8207820057868958,0
DLX1,EPB42,0.8207817673683167,1
MAFB,HVCN1,0.8207813501358032,1
ELF1,LRRD1,0.8207806944847107,1
DLX2,HSPG2,0.8207806348800659,1
HMBOX1,COPZ2,0.8207801580429077,1
DLX2,ERCC6L,0.8207799792289734,1
NFIB,ITGA10,0.8207794427871704,1
ELF2,YIPF3,0.8207792043685913,1
NR1H2,EAF1,0.8207791447639465,1
KLF6,UBXN6,0.8207787275314331,1
DLX1,POLN,0.8207785487174988,1
NEUROD2,DNAJB11,0.8207785487174988,1
SCRT1,CYS1,0.8207783699035645,1
GLIS2,CAGE1,0.8207775950431824,1
DLX2,IL18R1,0.8207767605781555,1
MAFB,IFI35,0.820775032043457,1
NEUROD1,CCSAP,0.8207749128341675,1
KLF3,COPZ2,0.8207749128341675,1
DLX2,PIGG,0.8207745552062988,1
POU3F4,CUTC,0.8207743763923645,1
DLX6,EFCAB12,0.8207741975784302,1
MAFB,PSMG4,0.8207738995552063,1
DLX2,ABCC10,0.8207733631134033,1
TFE3,USP31,0.820773184299469,1
NR1H2,ADAMTS4,0.8207731246948242,1
POU3F4,I830077J02RIK,0.8207730054855347,1
DLX1,LTK,0.820772111415863,1
NEUROD2,OPN5,0.8207718729972839,1
MAFB,SPRY1,0.8207702040672302,1
DLX2,ARHGEF10,0.820769727230072,1
NEUROD2,KCTD13,0.8207688331604004,1
GLIS2,NDUFB2,0.8207682967185974,1
NFKB2,NKX2-2,0.8207677006721497,1
POU3F2,BAG5,0.8207676410675049,1
MAFB,FOXC1,0.8207670450210571,1
NR1H2,HMCN1,0.820766806602478,1
MAFB,RNASE6,0.8207665681838989,1
POU3F2,RPS6KA6,0.8207665085792542,0
DLX2,GINS2,0.8207659721374512,1
IRF1,NKX2-2,0.8207653760910034,0
DLX1,RAB11FIP1,0.82076495885849,1
DLX2,PRRC1,0.8207648992538452,1
KLF6,KCTD13,0.8207646608352661,1
POU3F4,TBC1D22A,0.8207646608352661,1
DLX2,TXN2,0.8207637071609497,1
POU3F4,HBP1,0.8207634687423706,1
ELK3,TRPC3,0.8207632899284363,1
NR1H2,PPP1CA,0.8207630515098572,0
ETV6,BAG5,0.8207629919052124,1
NR1H2,SMAP2,0.8207629919052124,1
HMBOX1,CCSAP,0.8207628130912781,1
NFIB,PEG10,0.820762574672699,1
GLIS2,DDX58,0.8207625150680542,1
ELF4,LEPR,0.8207625150680542,1
SCRT1,PTRHD1,0.8207623958587646,1
MAFB,CENPT,0.8207621574401855,1
MEF2C,RASGRP4,0.8207621574401855,1
NFIB,IGF1,0.8207617998123169,1
TCF4,PSMB8,0.8207616806030273,0
TFE3,PGBD1,0.8207611441612244,1
TCF4,BC005624,0.8207610249519348,0
STAT2,BUD31,0.8207606673240662,1
KLF6,OPN5,0.8207604885101318,1
RBPJ,NPRL2,0.8207602500915527,1
TFE3,DYRK1B,0.8207600116729736,1
NR1H2,PDLIM7,0.8207600116729736,1
MAFB,E4F1,0.8207597136497498,1
E2F5,MTFR1L,0.8207592964172363,1
NEUROD2,XBP1,0.8207591772079468,1
KLF6,DNAJB11,0.8207588791847229,1
DLX2,LNX1,0.8207588195800781,1
DLX2,APRT,0.8207587003707886,1
KLF8,USP27X,0.8207579255104065,1
DLX2,GSR,0.8207579255104065,1
NR1H2,SLC13A5,0.8207576870918274,1
GLIS2,CDCA5,0.8207575082778931,1
MEF2C,RBCK1,0.8207575082778931,1
BCL11B,ESR2,0.8207573294639587,1
KLF6,XBP1,0.8207568526268005,1
MAFB,NRG4,0.820756733417511,1
MYT1L,PLXDC2,0.8207560777664185,1
POU2F1,JAKMIP3,0.8207560181617737,1
MEF2C,EFCAB12,0.8207554817199707,1
NR1H2,SAMD9L,0.8207551836967468,1
MAFB,GPR22,0.820755124092102,1
ELK3,TMEM116,0.8207549452781677,1
MAFB,HNRNPH2,0.8207547068595886,1
POU2F1,IQCD,0.8207544088363647,1
NR2F1,ITGA10,0.8207539916038513,1
FOXN2,BAG5,0.8207535147666931,1
POU3F4,ITM2A,0.820753276348114,1
ELK3,ESS2,0.8207531571388245,1
TFE3,DOCK10,0.8207526803016663,1
SCRT2,ENHO,0.8207526206970215,1
E2F5,METTL7A1,0.8207526206970215,1
KLF3,LEPR,0.8207525610923767,1
POU3F2,MRM1,0.8207524418830872,1
MYT1L,CERS1,0.8207523822784424,1
NR1H2,DBR1,0.8207517862319946,1
NEUROD1,LEPR,0.8207512497901917,1
DLX2,VMP1,0.8207511901855469,1
ELF4,METTL7A1,0.8207510113716125,1
GLIS2,FSBP,0.8207507133483887,1
NR1H2,GADD45A,0.8207507133483887,1
NEUROD2,BTAF1,0.8207505941390991,1
MAFB,ACER2,0.8207502961158752,1
POU3F2,PARP12,0.8207502365112305,1
ELF1,NKX2-2,0.8207500576972961,1
MAFB,NPAT,0.820749819278717,1
KLF6,BTAF1,0.8207492232322693,1
MYT1L,FLT1,0.8207491040229797,1
POU3F4,LRRC20,0.820748507976532,1
SMARCC2,STK11IP,0.8207477927207947,1
DLX2,CNPY3,0.8207475543022156,1
MYT1L,MAST3,0.8207468390464783,1
MAFB,MKRN2,0.8207465410232544,1
BCL11B,2310011J03RIK,0.8207463026046753,1
SCRT1,STIL,0.8207461833953857,1
SCRT1,BST1,0.8207457065582275,1
DLX1,KLHL12,0.8207454681396484,1
NR1H2,CCDC15,0.8207454085350037,1
GLIS2,F11R,0.8207454085350037,1
DNAJC21,ESR2,0.820745050907135,1
SCRT1,WDSUB1,0.8207449913024902,1
DLX6,UCP2,0.8207449913024902,1
MAFB,SYT11,0.8207446932792664,1
GLIS3,KEL,0.8207446932792664,1
DNAJC21,2310011J03RIK,0.8207443356513977,1
DLX5,ADIPOR2,0.8207442760467529,1
POU3F4,CACNG8,0.8207441568374634,1
GLIS2,MS4A1,0.8207440972328186,1
DLX2,CLSTN3,0.8207440376281738,1
TCF4,GRTP1,0.8207427263259888,0
MAFB,4930563E22RIK,0.8207426071166992,1
NR1H2,RSRP1,0.8207426071166992,1
ETV6,RPS6KA6,0.8207420706748962,1
ETV6,PARP12,0.8207417726516724,1
SPI1,BUD31,0.8207412362098694,0
DLX2,TGFBR3,0.8207410573959351,1
DLX1,STK11IP,0.8207410573959351,1
MAFB,GBP7,0.8207405805587769,1
ELK3,WSCD1,0.8207405209541321,1
POU3F2,PSMB9,0.8207403421401978,1
DLX2,APLP1,0.8207402229309082,1
MEF2A,ESR2,0.8207402229309082,1
MITF,ADIPOR2,0.8207401633262634,1
POU3F4,2510002D24RIK,0.8207401037216187,1
MEF2A,2310011J03RIK,0.8207399845123291,0
NR1H2,CPS1,0.8207398653030396,1
NR1H2,PNRC2,0.8207396864891052,1
MAFB,FAM160B2,0.8207396864891052,1
MYT1L,KEL,0.8207395076751709,1
RARG,NPRL2,0.8207394480705261,1
NR1H2,ZFP867,0.8207394480705261,0
DLX2,XPO4,0.8207394480705261,1
POU2F1,EPDR1,0.820739209651947,1
DLX2,CD8A,0.8207387924194336,1
DLX2,CDKL4,0.8207387924194336,1
HMBOX1,MTFR1L,0.8207385540008545,1
NR3C1,BUD31,0.8207383155822754,0
NEUROD2,GM32687,0.8207382559776306,1
NEUROD2,ZCCHC4,0.8207378387451172,1
NEUROD1,COPZ2,0.8207374215126038,1
DLX2,IL1RAPL2,0.8207369446754456,1
HEY2,2310011J03RIK,0.8207364082336426,1
NR1H2,KCNH8,0.8207360506057739,1
ZFP384,NEK2,0.8207359313964844,0
POU3F4,PTDSS2,0.8207352757453918,1
MYT1L,APOLD1,0.8207352757453918,1
DLX2,DPY19L3,0.8207352161407471,1
MAFB,IRF2,0.8207350373268127,1
ARX,ADIPOR2,0.8207350373268127,1
KLF6,GM32687,0.820734977722168,1
HEY2,ESR2,0.8207345604896545,1
SCRT1,TRAPPC1,0.820734441280365,1
NFIB,SLC38A7,0.820734441280365,1
GLIS3,ITGB5,0.820734441280365,1
KLF8,TRPC3,0.8207342028617859,1
NR2F1,PEG10,0.8207336664199829,0
NR1H2,NMI,0.8207331299781799,1
NR1H2,FAM126A,0.820732593536377,1
KLF6,ZCCHC4,0.8207322359085083,1
NR1H2,CD180,0.8207313418388367,1
TCF4,ZCCHC3,0.8207311034202576,1
TFE3,COPZ2,0.8207295536994934,1
MAFB,TBC1D2B,0.8207294344902039,1
ETV6,MRM1,0.8207292556762695,1
MAFB,PRKAB1,0.8207290172576904,1
NEUROD2,IFITM10,0.8207288384437561,1
HMBOX1,LEPR,0.8207287788391113,1
KLF8,TMEM116,0.820728600025177,1
POU3F4,TNFSF8,0.8207285404205322,1
PAX6,IQCD,0.8207279443740845,1
KLF8,ESS2,0.8207279443740845,1
ETV6,PSMB9,0.8207275867462158,1
