sample,Gene_count,UMI_count,EdU,Type,time,Main_cluster_name,UMAP_1,UMAP_2,Mouse_id,assay,Trajectory,Pseudotime,Trajectory_UMAP1,Trajectory_UMAP2
560,1660,4456,EdU,Aged,5D6,Oligodendrocytes progenitor cells,-10.16088582,-1.723187178,EdU_31,RNA,Oligodendrogenesis trajectory,0,1.946593331,-3.263585466
2421,1381,3459,EdU,Aged,5D6,Oligodendrocytes progenitor cells,-9.649733554,0.386551068,EdU_33,RNA,Oligodendrogenesis trajectory,0,4.088901089,-0.614621418
2594,2912,11896,EdU,Aged,5D6,Oligodendrocytes progenitor cells,-10.48690034,-2.593942135,EdU_33,RNA,Oligodendrogenesis trajectory,0,-0.141105367,-2.421887057
2613,959,2090,EdU,Aged,5D6,Oligodendrocytes progenitor cells,-10.80423833,-1.460795968,EdU_33,RNA,Oligodendrogenesis trajectory,0,2.001413391,-1.457880157
2630,1077,2188,EdU,Aged,5D6,Oligodendrocytes progenitor cells,-10.31735707,-1.626759737,EdU_33,RNA,Oligodendrogenesis trajectory,6.36E-06,0.262680577,-4.9366342
2290,1718,4314,EdU,Aged,5D6,Oligodendrocytes progenitor cells,-8.722983371,1.046200723,EdU_33,RNA,Oligodendrogenesis trajectory,2.48E-05,5.31511073,-3.614797967
2206,1079,2107,DAPI,Aged,5D6,Oligodendrocytes progenitor cells,-9.027503024,-0.154775768,EdU_33,RNA,Oligodendrogenesis trajectory,2.50E-05,5.545732544,-3.530776637
2202,1566,3701,DAPI,Aged,5D6,Oligodendrocytes progenitor cells,-8.247852336,-0.100096106,EdU_33,RNA,Oligodendrogenesis trajectory,2.52E-05,5.336496399,-3.498798268
1107,1888,5041,EdU,Aged,5D6,Oligodendrocytes progenitor cells,-9.197196971,0.288090092,EdU_31,RNA,Oligodendrogenesis trajectory,2.78E-05,4.978463219,-3.516787427
664,2851,10653,EdU,Aged,5D6,Oligodendrocytes progenitor cells,-8.061749469,0.160344512,EdU_31,RNA,Oligodendrogenesis trajectory,2.84E-05,5.724944638,-3.402253049
51,3196,13167,EdU,Aged,5D6,Oligodendrocytes progenitor cells,-8.191214572,-0.383295804,EdU_31,RNA,Oligodendrogenesis trajectory,3.18E-05,5.745972203,-3.390019076
362,1255,3084,EdU,Aged,5D6,Oligodendrocytes progenitor cells,-10.01874257,0.567346067,EdU_29,RNA,Oligodendrogenesis trajectory,0.000339036,1.617065476,-1.119176524
499,1371,3412,EdU,Aged,5D6,Oligodendrocytes progenitor cells,-10.68971254,-1.864608973,EdU_31,RNA,Oligodendrogenesis trajectory,0.000339672,1.53906493,-1.481356757
2263,2042,6023,EdU,Aged,5D6,Oligodendrocytes progenitor cells,-10.04409219,-0.813096493,EdU_33,RNA,Oligodendrogenesis trajectory,0.000342427,1.831559943,-1.445267814
2466,1344,3203,EdU,Aged,5D6,Oligodendrocytes progenitor cells,-10.13663388,-0.896270483,EdU_33,RNA,Oligodendrogenesis trajectory,0.000343063,1.550344513,-1.634611624
157,1734,4129,EdU,Aged,5D6,Oligodendrocytes progenitor cells,-9.653008472,-1.576178759,EdU_31,RNA,Oligodendrogenesis trajectory,0.001504081,-0.09386213,-2.052321094
377,2140,6406,EdU,Aged,5D6,Oligodendrocytes progenitor cells,-10.45448304,-2.200976103,EdU_31,RNA,Oligodendrogenesis trajectory,0.003202823,-0.17506416,-1.906598824
2260,1676,4514,EdU,Aged,5D6,Oligodendrocytes progenitor cells,-10.54569627,-2.186937064,EdU_33,RNA,Oligodendrogenesis trajectory,0.003335567,0.390181111,-1.723547595
947,2235,6219,EdU,Aged,5D6,Oligodendrocytes progenitor cells,-9.238852512,1.064104885,EdU_31,RNA,Oligodendrogenesis trajectory,0.003371196,4.98167281,-1.187464612
2507,1807,4784,EdU,Aged,5D6,Oligodendrocytes progenitor cells,-9.092500697,0.264084746,EdU_33,RNA,Oligodendrogenesis trajectory,0.003932412,5.729741619,-2.489313977
194,1039,2369,EdU,Aged,5D6,Oligodendrocytes progenitor cells,-9.900222789,0.252544924,EdU_29,RNA,Oligodendrogenesis trajectory,0.004798056,3.730629967,-1.392344611
847,1854,5164,EdU,Aged,5D6,Oligodendrocytes progenitor cells,-9.433239947,0.436907202,EdU_29,RNA,Oligodendrogenesis trajectory,0.004800599,3.683429287,-1.293232458
2380,1396,3701,EdU,Aged,5D6,Oligodendrocytes progenitor cells,-9.19585992,0.046149582,EdU_33,RNA,Oligodendrogenesis trajectory,0.004808228,3.985518025,-1.712339538
2531,1433,3318,EdU,Aged,5D6,Oligodendrocytes progenitor cells,-9.144339572,0.584430308,EdU_33,RNA,Oligodendrogenesis trajectory,0.004808652,3.686064289,-1.569364684
2653,2214,7466,EdU,Aged,5D6,Oligodendrocytes progenitor cells,-9.36002637,-1.913093537,EdU_33,RNA,Oligodendrogenesis trajectory,0.005003129,1.557319926,-1.921221631
318,2016,5616,EdU,Aged,5D6,Oligodendrocytes progenitor cells,-8.842424403,-1.019511193,EdU_31,RNA,Oligodendrogenesis trajectory,0.005526621,0.666236447,-1.472876924
644,1620,4216,EdU,Aged,5D6,Oligodendrocytes progenitor cells,-8.333818446,0.309527971,EdU_30,RNA,Oligodendrogenesis trajectory,0.005849742,4.12981324,-1.00801267
1158,1259,2704,EdU,Aged,5D6,Oligodendrocytes progenitor cells,-9.669911395,0.006935016,EdU_31,RNA,Oligodendrogenesis trajectory,0.006574318,3.693279789,-0.631386238
2334,1251,3097,EdU,Aged,5D6,Oligodendrocytes progenitor cells,-9.759818088,0.42050986,EdU_33,RNA,Oligodendrogenesis trajectory,0.006577708,3.677123593,-0.762858825
2392,1135,2497,EdU,Aged,5D6,Oligodendrocytes progenitor cells,-9.786707889,0.66825077,EdU_33,RNA,Oligodendrogenesis trajectory,0.00657792,3.694582985,-0.877181964
2436,1066,2320,EdU,Aged,5D6,Oligodendrocytes progenitor cells,-10.00511743,0.325855039,EdU_33,RNA,Oligodendrogenesis trajectory,0.006578344,3.59024577,-0.728031772
2616,895,1781,EdU,Aged,5D6,Oligodendrocytes progenitor cells,-9.580354701,0.53667453,EdU_33,RNA,Oligodendrogenesis trajectory,0.006579192,3.494365261,-0.619387525
2657,541,1027,EdU,Aged,5D6,Oligodendrocytes progenitor cells,-9.896517764,0.607574016,EdU_33,RNA,Oligodendrogenesis trajectory,0.006579404,3.692068146,-0.678385811
2671,888,1793,EdU,Aged,5D6,Oligodendrocytes progenitor cells,-9.994459163,0.641126842,EdU_33,RNA,Oligodendrogenesis trajectory,0.006579616,3.710683392,-0.546581345
2181,1550,3609,DAPI,Aged,5D6,Oligodendrocytes progenitor cells,-9.411409389,0.428237245,EdU_33,RNA,Oligodendrogenesis trajectory,0.006945501,4.201180981,-1.138602512
2224,1148,2274,DAPI,Aged,5D6,Oligodendrocytes progenitor cells,-9.577381145,0.8055996,EdU_33,RNA,Oligodendrogenesis trajectory,0.006945713,4.031202839,-1.435294645
2362,964,1952,EdU,Aged,5D6,Oligodendrocytes progenitor cells,-9.290632259,0.697286159,EdU_33,RNA,Oligodendrogenesis trajectory,0.006946348,3.974528836,-1.338076251
2478,1652,4311,EdU,Aged,5D6,Oligodendrocytes progenitor cells,-8.806442271,-0.078562289,EdU_33,RNA,Oligodendrogenesis trajectory,0.006947196,4.128330277,-1.403868692
2608,1110,2271,EdU,Aged,5D6,Oligodendrocytes progenitor cells,-9.884236346,0.28900975,EdU_33,RNA,Oligodendrogenesis trajectory,0.00694762,4.240106629,-1.465598958
2325,1171,2646,EdU,Aged,5D6,Oligodendrocytes progenitor cells,-9.883078586,0.491093636,EdU_33,RNA,Oligodendrogenesis trajectory,0.008368559,2.795125531,-1.502859848
525,1566,3780,EdU,Aged,5D6,Oligodendrocytes progenitor cells,-8.74764825,0.203596846,EdU_31,RNA,Oligodendrogenesis trajectory,0.008600449,4.78425269,-2.952312368
537,1240,2755,EdU,Aged,5D6,Oligodendrocytes progenitor cells,-10.79548741,-1.811538666,EdU_29,RNA,Oligodendrogenesis trajectory,0.009101584,5.211539791,-2.068683761
342,2639,9825,DAPI,Aged,5D6,Oligodendrocytes progenitor cells,-9.100711833,-1.061222404,EdU_31,RNA,Oligodendrogenesis trajectory,0.011822676,1.911402272,-2.659713166
2308,1908,5795,EdU,Aged,5D6,Oligodendrocytes progenitor cells,-9.230844508,-1.477242916,EdU_33,RNA,Oligodendrogenesis trajectory,0.011823947,2.184367226,-2.488665479
2415,1631,4009,EdU,Aged,5D6,Oligodendrocytes progenitor cells,-9.611365329,0.638356418,EdU_33,RNA,Oligodendrogenesis trajectory,0.011824159,1.990695046,-2.514239448
2295,1694,4674,EdU,Aged,5D6,Oligodendrocytes progenitor cells,-10.3112507,-1.823430746,EdU_33,RNA,Oligodendrogenesis trajectory,0.012588054,1.321950243,-1.772180575
2283,1384,3482,EdU,Aged,5D6,Oligodendrocytes progenitor cells,-10.22265531,-1.448991388,EdU_33,RNA,Oligodendrogenesis trajectory,0.012588266,1.152727412,-1.781678694
538,1306,3149,EdU,Aged,5D6,Oligodendrocytes progenitor cells,-10.12271691,-1.028520077,EdU_29,RNA,Oligodendrogenesis trajectory,0.012590598,1.411902474,-1.811752694
931,1660,4257,EdU,Aged,5D6,Oligodendrocytes progenitor cells,-10.47221948,-2.688904494,EdU_31,RNA,Oligodendrogenesis trajectory,0.01446193,5.410007523,-3.343328136
725,1937,5922,EdU,Aged,5D6,Oligodendrocytes progenitor cells,-8.214749347,0.268733643,EdU_31,RNA,Oligodendrogenesis trajectory,0.014610069,5.582367943,-3.341462987
834,2642,7739,EdU,Aged,5D6,Oligodendrocytes progenitor cells,-9.067926417,0.78245458,EdU_31,RNA,Oligodendrogenesis trajectory,0.01472252,4.116778897,-0.461538809
2609,1399,3576,EdU,Aged,5D6,Oligodendrocytes progenitor cells,-10.72176648,-1.590176791,EdU_33,RNA,Oligodendrogenesis trajectory,0.015021471,-0.39866109,-2.103863853
687,985,2070,EdU,Aged,5D6,Oligodendrocytes progenitor cells,-9.712418567,-1.133924096,EdU_29,RNA,Oligodendrogenesis trajectory,0.015272684,3.214731263,-1.263758438
2276,1725,4566,EdU,Aged,5D6,Oligodendrocytes progenitor cells,-9.123329173,-0.118448317,EdU_33,RNA,Oligodendrogenesis trajectory,0.015276498,3.410556839,-1.128073829
2332,1308,2799,EdU,Aged,5D6,Oligodendrocytes progenitor cells,-9.081394206,0.075556472,EdU_33,RNA,Oligodendrogenesis trajectory,0.01527671,3.582230137,-1.195580261
2556,1432,4109,EdU,Aged,5D6,Oligodendrocytes progenitor cells,-9.373339664,0.305926428,EdU_33,RNA,Oligodendrogenesis trajectory,0.015277134,3.530026959,-1.169707316
305,1409,3386,EdU,Aged,5D6,Oligodendrocytes progenitor cells,-10.12716008,-1.640438169,EdU_31,RNA,Oligodendrogenesis trajectory,0.015318285,0.11271839,-1.637318152
751,1022,2301,EdU,Aged,5D6,Oligodendrocytes progenitor cells,-11.04813958,-1.499798148,EdU_31,RNA,Oligodendrogenesis trajectory,0.015847453,0.162069009,-0.900077599
2201,1384,3125,DAPI,Aged,5D6,Oligodendrocytes progenitor cells,-10.93213082,-1.795019596,EdU_33,RNA,Oligodendrogenesis trajectory,0.015848513,-0.02868004,-0.799123424
2515,960,2115,EdU,Aged,5D6,Oligodendrocytes progenitor cells,-10.96284963,-1.653603166,EdU_33,RNA,Oligodendrogenesis trajectory,0.015849573,0.080332087,-0.903867441
2580,1379,3371,EdU,Aged,5D6,Oligodendrocytes progenitor cells,-10.68576337,-1.505070775,EdU_33,RNA,Oligodendrogenesis trajectory,0.015849785,-0.014552905,-0.921686667
2600,1019,2333,EdU,Aged,5D6,Oligodendrocytes progenitor cells,-10.90213109,-1.476124256,EdU_33,RNA,Oligodendrogenesis trajectory,0.015850209,-0.03860779,-0.762936609
11954,837,1647,EdU,Aged,5D6,Oligodendrocytes progenitor cells,-10.93913747,-1.569170922,EdU_33,RNA,Oligodendrogenesis trajectory,0.015850421,-0.192973448,-0.866434234
1060,2272,6926,EdU,Aged,5D6,Oligodendrocytes progenitor cells,-9.546895038,-3.090357512,EdU_30,RNA,Oligodendrogenesis trajectory,0.016053727,1.225911425,-5.496875899
447,1118,2486,EdU,Aged,5D6,Oligodendrocytes progenitor cells,-9.830122958,0.624585122,EdU_31,RNA,Oligodendrogenesis trajectory,0.016585444,3.788732575,-0.742871481
651,1964,5445,EdU,Aged,5D6,Oligodendrocytes progenitor cells,-8.031154643,-0.086232096,EdU_31,RNA,Oligodendrogenesis trajectory,0.020430268,4.036315487,-0.995158332
562,1809,7998,EdU,Aged,5D6,Oligodendrocytes progenitor cells,-8.343970309,0.431402445,EdU_31,RNA,Oligodendrogenesis trajectory,0.021870137,3.752950238,-0.917371886
2291,1558,4171,EdU,Aged,5D6,Oligodendrocytes progenitor cells,-9.574596416,0.185066145,EdU_33,RNA,Oligodendrogenesis trajectory,0.0272369,3.771959351,-0.871215957
79,1573,4049,EdU,Aged,5D6,Oligodendrocytes progenitor cells,-9.393270503,-0.47909668,EdU_29,RNA,Oligodendrogenesis trajectory,0.029618081,4.855598496,-1.839845436
2318,2090,6225,EdU,Aged,5D6,Oligodendrocytes progenitor cells,-8.778821956,-0.891520708,EdU_33,RNA,Oligodendrogenesis trajectory,0.030717286,3.964522408,-3.657970565
2603,1151,2351,EdU,Aged,5D6,Oligodendrocytes progenitor cells,-9.682312022,0.569316805,EdU_33,RNA,Oligodendrogenesis trajectory,0.033292919,5.27083926,-3.109954494
2264,1880,4928,EdU,Aged,5D6,Oligodendrocytes progenitor cells,-9.988959323,-1.860637158,EdU_33,RNA,Oligodendrogenesis trajectory,0.034991887,4.936425732,-3.342042344
817,1419,3477,EdU,Aged,5D6,Oligodendrocytes progenitor cells,-7.790070544,-0.546048075,EdU_31,RNA,Oligodendrogenesis trajectory,0.0356744,3.962411927,-3.037014859
827,4372,20157,EdU,Aged,5D6,Oligodendrocytes progenitor cells,-9.234128009,-1.818100661,EdU_31,RNA,Oligodendrogenesis trajectory,0.037429574,3.508948372,-2.880358117
682,2148,10544,EdU,Aged,5D6,Oligodendrocytes progenitor cells,-9.224115382,0.782232911,EdU_31,RNA,Oligodendrogenesis trajectory,0.03856238,4.674768017,-1.380654114
2495,1219,2575,EdU,Aged,5D6,Oligodendrocytes progenitor cells,-9.14432336,1.19508949,EdU_33,RNA,Oligodendrogenesis trajectory,0.038563228,4.777021931,-1.279780882
2258,1556,3893,EdU,Aged,5D6,Oligodendrocytes progenitor cells,-9.561438571,0.109007508,EdU_33,RNA,Oligodendrogenesis trajectory,0.03990277,3.857944535,-0.596326249
2226,1541,3341,DAPI,Aged,5D6,Oligodendrocytes progenitor cells,-8.511850368,-0.949320525,EdU_33,RNA,Oligodendrogenesis trajectory,0.041777465,2.147559212,-3.450772899
2669,1482,3436,EdU,Aged,5D6,Oligodendrocytes progenitor cells,-10.49789239,-2.10368511,EdU_33,RNA,Oligodendrogenesis trajectory,0.042545616,-0.391435815,-1.239125031
2572,1070,2328,EdU,Aged,5D6,Oligodendrocytes progenitor cells,-11.07919503,-1.926637381,EdU_33,RNA,Oligodendrogenesis trajectory,0.04254604,-0.773598506,-1.436286467
2569,1812,4546,EdU,Aged,5D6,Oligodendrocytes progenitor cells,-10.44755365,-2.147629231,EdU_33,RNA,Oligodendrogenesis trajectory,0.042546252,-0.648220612,-1.141285675
2440,1361,3303,EdU,Aged,5D6,Oligodendrocytes progenitor cells,-11.0886984,-1.904826372,EdU_33,RNA,Oligodendrogenesis trajectory,0.042546676,-0.592257692,-1.078474062
2278,1077,2528,EdU,Aged,5D6,Oligodendrocytes progenitor cells,-10.99479104,-1.766972988,EdU_33,RNA,Oligodendrogenesis trajectory,0.042547312,-0.581698014,-1.169199365
2231,2239,6419,DAPI,Aged,5D6,Oligodendrocytes progenitor cells,-11.07444192,-2.109899252,EdU_33,RNA,Oligodendrogenesis trajectory,0.042547524,-0.380311085,-1.435493248
2208,2333,7217,DAPI,Aged,5D6,Oligodendrocytes progenitor cells,-10.70105649,-2.633383482,EdU_33,RNA,Oligodendrogenesis trajectory,0.042547736,-0.379836632,-1.776974338
2182,1631,3898,DAPI,Aged,5D6,Oligodendrocytes progenitor cells,-10.64650727,-2.143612593,EdU_33,RNA,Oligodendrogenesis trajectory,0.042547948,-0.18925996,-1.662899154
1085,1680,4600,EdU,Aged,5D6,Oligodendrocytes progenitor cells,-9.669815074,0.877797455,EdU_29,RNA,Oligodendrogenesis trajectory,0.042554305,-0.816007508,-1.171050089
385,1218,2769,EdU,Aged,5D6,Oligodendrocytes progenitor cells,-10.98358251,-1.858477324,EdU_31,RNA,Oligodendrogenesis trajectory,0.042555789,-1.001297607,-1.462629336
382,662,1304,EdU,Aged,5D6,Oligodendrocytes progenitor cells,-10.94920446,-1.408171504,EdU_31,RNA,Oligodendrogenesis trajectory,0.042556001,-0.399952008,-0.7994466
2381,2056,5595,EdU,Aged,5D6,Oligodendrocytes progenitor cells,-10.63968755,-2.234995097,EdU_33,RNA,Oligodendrogenesis trajectory,0.045456703,-0.464181615,-2.373278993
1058,2263,6650,EdU,Aged,5D6,Oligodendrocytes progenitor cells,-8.747775088,-1.066423982,EdU_31,RNA,Oligodendrogenesis trajectory,0.045983019,1.10740094,-3.028304475
2534,902,1792,EdU,Aged,5D6,Oligodendrocytes progenitor cells,-9.02153493,0.041229681,EdU_33,RNA,Oligodendrogenesis trajectory,0.046685657,5.584916161,-1.879174727
2179,1124,2445,DAPI,Aged,5D6,Oligodendrocytes progenitor cells,-9.246346484,0.291937884,EdU_33,RNA,Oligodendrogenesis trajectory,0.047191469,4.227321671,-0.875552254
169,972,1964,EdU,Aged,5D6,Oligodendrocytes progenitor cells,-7.897994052,-0.317120224,EdU_31,RNA,Oligodendrogenesis trajectory,0.048959367,3.679086254,-2.803413289
2192,1454,3236,DAPI,Aged,5D6,Oligodendrocytes progenitor cells,-8.592180263,0.122958608,EdU_33,RNA,Oligodendrogenesis trajectory,0.050189034,4.50795369,-2.464697021
2458,968,2401,EdU,Aged,5D6,Oligodendrocytes progenitor cells,-9.833873759,0.545721174,EdU_33,RNA,Oligodendrogenesis trajectory,0.051103899,3.030443238,-1.595353978
533,2002,5665,EdU,Aged,5D6,Oligodendrocytes progenitor cells,-8.179435741,-0.061159283,EdU_31,RNA,Oligodendrogenesis trajectory,0.052226159,4.340626763,-0.824257033
81,2839,9802,EdU,Aged,5D6,Oligodendrocytes progenitor cells,-8.346769343,-1.200703114,EdU_29,RNA,Oligodendrogenesis trajectory,0.053207869,2.209900902,-3.768541711
698,2956,9226,EdU,Aged,5D6,Oligodendrocytes progenitor cells,-8.967038165,-1.261414498,EdU_31,RNA,Oligodendrogenesis trajectory,0.054933857,3.907580899,-3.124362367
996,2744,9668,EdU,Aged,5D6,Oligodendrocytes progenitor cells,-10.27146531,-2.841196745,EdU_31,RNA,Oligodendrogenesis trajectory,0.056643351,0.369986342,-3.267797607
226,1141,2512,EdU,Aged,5D6,Oligodendrocytes progenitor cells,-9.671545993,0.71906674,EdU_31,RNA,Oligodendrogenesis trajectory,0.05670231,4.503220604,-3.036946195
2273,1659,4361,EdU,Aged,5D6,Oligodendrocytes progenitor cells,-10.07648374,-1.485740274,EdU_33,RNA,Oligodendrogenesis trajectory,0.057391255,0.326093243,-1.627081054
2230,2117,5858,DAPI,Aged,5D6,Oligodendrocytes progenitor cells,-8.298994075,-0.296576291,EdU_33,RNA,Oligodendrogenesis trajectory,0.060999573,2.372596787,-3.468553441
2451,1426,4063,EdU,Aged,5D6,Oligodendrocytes progenitor cells,-8.246172916,-0.052807837,EdU_33,RNA,Oligodendrogenesis trajectory,0.062768498,3.812685536,-0.90917893
1001,1475,3721,EdU,Aged,5D6,Oligodendrocytes progenitor cells,-9.814320575,-0.844298213,EdU_29,RNA,Oligodendrogenesis trajectory,0.063151718,1.044380473,-1.853231328
1028,1274,3167,EdU,Aged,5D6,Oligodendrocytes progenitor cells,-9.462288867,1.060619921,EdU_29,RNA,Oligodendrogenesis trajectory,0.06315193,0.93343644,-2.021295684
2294,1159,2687,EdU,Aged,5D6,Oligodendrocytes progenitor cells,-10.17647935,-1.585348099,EdU_33,RNA,Oligodendrogenesis trajectory,0.06315299,0.895039128,-2.131798165
2296,1625,4587,EdU,Aged,5D6,Oligodendrocytes progenitor cells,-9.816727649,-1.817510575,EdU_33,RNA,Oligodendrogenesis trajectory,0.063153202,0.805260228,-2.040901559
1089,1597,4292,EdU,Aged,5D6,Oligodendrocytes progenitor cells,-8.118094455,0.194551524,EdU_29,RNA,Oligodendrogenesis trajectory,0.063223312,4.701386498,-2.944238561
476,1108,2395,EdU,Aged,5D6,Oligodendrocytes progenitor cells,-9.823905002,0.670297921,EdU_31,RNA,Oligodendrogenesis trajectory,0.064154595,5.009638356,-3.172698396
722,2661,9545,EdU,Aged,5D6,Oligodendrocytes progenitor cells,-8.132946979,-0.520977825,EdU_31,RNA,Oligodendrogenesis trajectory,0.064579095,4.193816231,-3.506436961
2566,913,1753,EdU,Aged,5D6,Oligodendrocytes progenitor cells,-10.03662015,0.607051105,EdU_33,RNA,Oligodendrogenesis trajectory,0.06518207,3.808320568,-0.940535503
2326,1231,3247,EdU,Aged,5D6,Oligodendrocytes progenitor cells,-9.476530086,-2.09975931,EdU_33,RNA,Oligodendrogenesis trajectory,0.065353769,0.581779288,-1.841558951
1003,2548,13374,EdU,Aged,5D6,Oligodendrocytes progenitor cells,-9.347943317,0.494799316,EdU_31,RNA,Oligodendrogenesis trajectory,0.065490914,5.457782792,-1.169904369
738,2530,8170,EdU,Aged,5D6,Oligodendrocytes progenitor cells,-8.412424098,0.328383528,EdU_29,RNA,Oligodendrogenesis trajectory,0.066792493,5.79078822,-1.960446256
220,1719,4506,EdU,Aged,5D6,Oligodendrocytes progenitor cells,-9.320865642,-1.664123624,EdU_31,RNA,Oligodendrogenesis trajectory,0.069277283,0.620097206,-2.256512778
2621,1180,2676,EdU,Aged,5D6,Oligodendrocytes progenitor cells,-9.121926318,0.076764867,EdU_33,RNA,Oligodendrogenesis trajectory,0.070626564,3.455818222,-1.876496094
1145,1981,5006,EdU,Aged,5D6,Oligodendrocytes progenitor cells,-9.173576366,-2.250738114,EdU_29,RNA,Oligodendrogenesis trajectory,0.072516744,0.972400235,-2.974718946
2545,1716,4470,EdU,Aged,5D6,Oligodendrocytes progenitor cells,-9.608891498,0.226864405,EdU_33,RNA,Oligodendrogenesis trajectory,0.073847429,0.564682053,-1.842696326
2180,2217,5930,DAPI,Aged,5D6,Oligodendrocytes progenitor cells,-7.864479076,-0.451885551,EdU_33,RNA,Oligodendrogenesis trajectory,0.074272186,4.017301129,-2.645146506
719,3169,12183,EdU,Aged,5D6,Oligodendrocytes progenitor cells,-8.93123437,1.142485828,EdU_31,RNA,Oligodendrogenesis trajectory,0.077066459,5.878957318,-1.291040199
2305,1478,3831,EdU,Aged,5D6,Oligodendrocytes progenitor cells,-7.815215121,-0.280523985,EdU_33,RNA,Oligodendrogenesis trajectory,0.080857729,4.335503147,-0.774248498
759,2465,7679,EdU,Aged,5D6,Oligodendrocytes progenitor cells,-8.300299655,-0.535806387,EdU_31,RNA,Oligodendrogenesis trajectory,0.083778487,4.070658253,-3.441336291
1084,1751,5393,EdU,Aged,5D6,Oligodendrocytes progenitor cells,-8.473561298,-0.390947669,EdU_31,RNA,Oligodendrogenesis trajectory,0.089108566,4.377398537,-1.691097634
1033,2501,7908,EdU,Aged,5D6,Oligodendrocytes progenitor cells,-9.808670055,-2.634818285,EdU_29,RNA,Oligodendrogenesis trajectory,0.089399493,0.47961645,-3.750432866
2219,1227,2684,DAPI,Aged,5D6,Oligodendrocytes progenitor cells,-10.55430509,-1.871627777,EdU_33,RNA,Oligodendrogenesis trajectory,0.089875555,-0.055926396,-1.182652968
573,2230,6198,EdU,Aged,5D6,Oligodendrocytes progenitor cells,-8.901893626,1.12394473,EdU_31,RNA,Oligodendrogenesis trajectory,0.097506629,5.624363945,-1.663200276
453,1391,3128,EdU,Aged,5D6,Oligodendrocytes progenitor cells,-10.57988835,-1.640434235,EdU_29,RNA,Oligodendrogenesis trajectory,0.098469515,0.626478241,-1.530469912
11925,1718,5091,EdU,Aged,5D6,Oligodendrocytes progenitor cells,-9.929320346,-2.336728781,EdU_33,RNA,Oligodendrogenesis trajectory,0.099040165,0.158528136,-3.050613063
2444,1294,2985,EdU,Aged,5D6,Oligodendrocytes progenitor cells,-9.44514371,0.139791578,EdU_33,RNA,Oligodendrogenesis trajectory,0.102111695,4.386350678,-0.262646305
2289,1832,4949,EdU,Aged,5D6,Oligodendrocytes progenitor cells,-9.148810397,-1.053635686,EdU_33,RNA,Oligodendrogenesis trajectory,0.111982373,2.156396674,-2.924573081
614,1389,3175,EdU,Aged,5D6,Oligodendrocytes progenitor cells,-9.36850072,-2.590641468,EdU_31,RNA,Oligodendrogenesis trajectory,0.111985548,0.821953581,-2.926987784
2570,856,1658,EdU,Aged,5D6,Oligodendrocytes progenitor cells,-9.704797755,0.655041725,EdU_33,RNA,Oligodendrogenesis trajectory,0.113051905,3.878452824,-0.930077689
2271,1171,2773,EdU,Aged,5D6,Oligodendrocytes progenitor cells,-10.86449433,-1.658340662,EdU_33,RNA,Oligodendrogenesis trajectory,0.114404095,-0.113959743,-1.174120086
2510,1575,3848,EdU,Aged,5D6,Oligodendrocytes progenitor cells,-9.280262004,-1.598997086,EdU_33,RNA,Oligodendrogenesis trajectory,0.11558648,1.072443055,-5.226077216
957,1380,3329,EdU,Aged,5D6,Oligodendrocytes progenitor cells,-10.47023107,-2.318503826,EdU_31,RNA,Oligodendrogenesis trajectory,0.116661736,0.764905499,-3.938326018
750,2080,6495,EdU,Aged,5D6,Oligodendrocytes progenitor cells,-8.486610423,0.105035365,EdU_29,RNA,Oligodendrogenesis trajectory,0.116676766,3.025781678,-1.39607312
2195,1899,4701,DAPI,Aged,5D6,Oligodendrocytes progenitor cells,-7.972823154,-0.000864192,EdU_33,RNA,Oligodendrogenesis trajectory,0.118462364,4.584909962,-2.057854789
467,1896,5674,EdU,Aged,5D6,Oligodendrocytes progenitor cells,-8.496157657,0.28244317,EdU_31,RNA,Oligodendrogenesis trajectory,0.11858635,3.917405651,-0.804387467
2487,1350,3147,EdU,Aged,5D6,Oligodendrocytes progenitor cells,-9.415735255,0.394475818,EdU_33,RNA,Oligodendrogenesis trajectory,0.129878799,4.542934941,-0.269410329
2345,1502,3569,EdU,Aged,5D6,Oligodendrocytes progenitor cells,-9.211878787,0.156725556,EdU_33,RNA,Oligodendrogenesis trajectory,0.129879222,4.306052731,-0.635826188
2254,1191,2534,EdU,Aged,5D6,Oligodendrocytes progenitor cells,-9.411521922,0.768755347,EdU_33,RNA,Oligodendrogenesis trajectory,0.129879434,4.62789254,-0.418111997
91,2625,15214,EdU,Aged,5D6,Oligodendrocytes progenitor cells,-9.149819385,-0.365344315,EdU_31,RNA,Oligodendrogenesis trajectory,0.131003456,3.920429276,-0.862887698
122,1812,4754,EdU,Aged,5D6,Oligodendrocytes progenitor cells,-9.302184116,0.1293431,EdU_31,RNA,Oligodendrogenesis trajectory,0.131615978,3.957917736,-0.715080278
2243,1008,1776,DAPI,Aged,5D6,Oligodendrocytes progenitor cells,-9.079564105,0.098254085,EdU_33,RNA,Oligodendrogenesis trajectory,0.135920736,4.414150761,-0.645137089
2423,1386,4325,EdU,Aged,5D6,Oligodendrocytes progenitor cells,-9.225880633,0.101314962,EdU_33,RNA,Oligodendrogenesis trajectory,0.142917532,3.795900868,-3.045825856
2172,1537,3327,DAPI,Aged,5D6,Oligodendrocytes progenitor cells,-8.168874751,-0.427036613,EdU_33,RNA,Oligodendrogenesis trajectory,0.146636578,4.015078591,-0.569924074
310,2054,6201,EdU,Aged,5D6,Oligodendrocytes progenitor cells,-8.030083667,-0.201511025,EdU_31,RNA,Oligodendrogenesis trajectory,0.149865541,4.004385517,-0.631463843
13959,1971,4758,EdU,Aged,5D6,Oligodendrocytes progenitor cells,-8.884371768,-0.828495234,EdU_31,RNA,Oligodendrogenesis trajectory,0.150226415,5.253944443,-0.772183793
2175,1811,4526,DAPI,Aged,5D6,Oligodendrocytes progenitor cells,-9.523832332,0.955410213,EdU_33,RNA,Oligodendrogenesis trajectory,0.155799997,3.915865944,-1.022500175
450,1770,4120,EdU,Aged,5D6,Oligodendrocytes progenitor cells,-10.40406705,-2.728239268,EdU_31,RNA,Oligodendrogenesis trajectory,0.163088111,0.260097907,-2.934844154
2530,1175,2707,EdU,Aged,5D6,Oligodendrocytes progenitor cells,-10.56140996,-1.58881101,EdU_33,RNA,Oligodendrogenesis trajectory,0.169603948,0.76441531,-2.859342235
710,2168,6098,EdU,Aged,5D6,Oligodendrocytes progenitor cells,-9.116308223,-2.11621496,EdU_31,RNA,Oligodendrogenesis trajectory,0.171884993,0.135243104,-2.953458207
1122,1163,2516,EdU,Aged,5D6,Oligodendrocytes progenitor cells,-9.651771556,0.537996918,EdU_29,RNA,Oligodendrogenesis trajectory,0.174731694,5.418209599,-1.629259365
367,2345,6459,EdU,Aged,5D6,Oligodendrocytes progenitor cells,-8.44974042,0.56073621,EdU_29,RNA,Oligodendrogenesis trajectory,0.186540693,5.254034565,-0.718895691
1151,3236,12683,EdU,Aged,5D6,Oligodendrocytes progenitor cells,-8.865725528,1.155413896,EdU_31,RNA,Oligodendrogenesis trajectory,0.191823524,5.565442131,-0.813543695
2463,1183,2971,EdU,Aged,5D6,Oligodendrocytes progenitor cells,-9.999973308,-2.01457116,EdU_33,RNA,Oligodendrogenesis trajectory,0.191961627,0.584193276,-1.643798369
2234,851,1325,DAPI,Aged,5D6,Oligodendrocytes progenitor cells,-9.737095843,0.003668964,EdU_33,RNA,Oligodendrogenesis trajectory,0.192933412,0.401814745,-1.551945346
2293,1422,3652,EdU,Aged,5D6,Oligodendrocytes progenitor cells,-9.629403125,-0.314401835,EdU_33,RNA,Oligodendrogenesis trajectory,0.196403639,1.030928181,-2.421313422
656,1825,5584,EdU,Aged,5D6,Oligodendrocytes progenitor cells,-9.055150043,1.071921319,EdU_31,RNA,Oligodendrogenesis trajectory,0.202994079,5.4473639,-1.031566518
2194,1042,1922,DAPI,Aged,5D6,Oligodendrocytes progenitor cells,-11.0349722,-1.854472845,EdU_33,RNA,Oligodendrogenesis trajectory,0.216841008,0.088497804,-2.373896735
11940,1232,3210,EdU,Aged,5D6,Oligodendrocytes progenitor cells,-10.96603681,-1.750667303,EdU_33,RNA,Oligodendrogenesis trajectory,0.222187821,-0.103024198,-1.275554436
2238,1178,2469,DAPI,Aged,5D6,Oligodendrocytes progenitor cells,-10.47085,-1.908174008,EdU_33,RNA,Oligodendrogenesis trajectory,0.225357314,-0.086556746,-1.280247348
2342,898,1909,EdU,Aged,5D6,Oligodendrocytes progenitor cells,-9.906411182,0.625950426,EdU_33,RNA,Oligodendrogenesis trajectory,0.225981043,4.17975478,-1.696000474
833,2416,7533,EdU,Aged,5D6,Oligodendrocytes progenitor cells,-10.59763719,-1.848156899,EdU_31,RNA,Oligodendrogenesis trajectory,0.235975225,0.150579856,-2.859071868
566,1711,4469,EdU,Aged,5D6,Oligodendrocytes progenitor cells,-8.79780675,-0.368296712,EdU_31,RNA,Oligodendrogenesis trajectory,0.239417752,0.270141648,-2.824477332
327,2743,9529,EdU,Aged,5D6,Oligodendrocytes progenitor cells,-8.152483951,-0.328486412,EdU_31,RNA,Oligodendrogenesis trajectory,0.247217991,3.73678975,-3.207366126
70,1324,3551,EdU,Aged,5D6,Oligodendrocytes progenitor cells,-9.41183282,-0.016397833,EdU_31,RNA,Oligodendrogenesis trajectory,0.249924902,2.863042878,-1.972210782
2262,2336,7860,EdU,Aged,5D6,Oligodendrocytes progenitor cells,-8.909139644,-0.091486692,EdU_33,RNA,Oligodendrogenesis trajectory,0.252382237,5.276596592,-1.847385185
313,2965,11650,EdU,Aged,5D6,Oligodendrocytes progenitor cells,-9.046709071,-2.318501204,EdU_31,RNA,Oligodendrogenesis trajectory,0.257498341,0.641638325,-4.024109977
481,1640,4307,EdU,Aged,5D6,Oligodendrocytes progenitor cells,-8.952717792,1.153094262,EdU_29,RNA,Oligodendrogenesis trajectory,0.258459541,5.247678803,-1.467432039
2597,1479,3658,EdU,Aged,5D6,Oligodendrocytes progenitor cells,-8.97819234,-0.062657475,EdU_33,RNA,Oligodendrogenesis trajectory,0.270218555,5.243044423,-1.808581489
1017,2759,8347,EdU,Aged,5D6,Oligodendrocytes progenitor cells,-8.1656561,0.595990122,EdU_31,RNA,Oligodendrogenesis trajectory,0.272587565,5.439819382,-0.915994661
2673,1454,3266,EdU,Aged,5D6,Oligodendrocytes progenitor cells,-9.554682742,0.660222769,EdU_33,RNA,Oligodendrogenesis trajectory,0.284543341,5.345772789,-2.04620518
590,2218,6259,EdU,Aged,5D6,Oligodendrocytes progenitor cells,-9.076968204,-1.324572295,EdU_31,RNA,Oligodendrogenesis trajectory,0.33044644,1.529032992,-3.303478377
1201,862,1724,EdU,Aged,5D6,Oligodendrocytes progenitor cells,-9.927355777,0.65519479,EdU_29,RNA,Oligodendrogenesis trajectory,0.348399082,4.306757019,-2.163986104
2228,2560,7870,DAPI,Aged,5D6,Oligodendrocytes progenitor cells,-8.459908496,-0.412417262,EdU_33,RNA,Oligodendrogenesis trajectory,0.352656602,4.036691235,-2.100397962
417,1114,2678,EdU,Aged,5D6,Oligodendrocytes progenitor cells,-9.799116145,0.776330084,EdU_29,RNA,Oligodendrogenesis trajectory,0.354796626,5.358830975,-1.254547494
1048,1379,3455,EdU,Aged,5D6,Oligodendrocytes progenitor cells,-9.690632831,0.659017832,EdU_29,RNA,Oligodendrogenesis trajectory,0.370261734,3.951735543,-2.277521508
553,2338,7659,EdU,Aged,5D6,Oligodendrocytes progenitor cells,-8.446869861,-0.173993766,EdU_31,RNA,Oligodendrogenesis trajectory,0.37191882,4.771290825,-2.729214566
1078,1434,5913,EdU,Aged,5D6,Oligodendrocytes progenitor cells,-9.086539279,0.337419101,EdU_31,RNA,Oligodendrogenesis trajectory,0.371933616,1.493673371,-2.547753471
714,2154,10682,EdU,Aged,5D6,Oligodendrocytes progenitor cells,-8.968468677,0.32496699,EdU_31,RNA,Oligodendrogenesis trajectory,0.386394677,2.906120346,-3.963586944
492,1650,4252,EdU,Aged,5D6,Oligodendrocytes progenitor cells,-8.473365794,0.112860009,EdU_29,RNA,Oligodendrogenesis trajectory,0.421729732,3.440678166,-2.140749114
2489,1481,3720,EdU,Aged,5D6,Oligodendrocytes progenitor cells,-9.070686351,-2.073317021,EdU_33,RNA,Oligodendrogenesis trajectory,0.511783045,3.979892777,-2.119444507
505,870,1924,EdU,Aged,5D6,Oligodendrocytes progenitor cells,-9.554670344,-0.133548408,EdU_29,RNA,Oligodendrogenesis trajectory,0.514214462,4.325251625,-2.747810262
63,2377,7324,EdU,Aged,5D6,Oligodendrocytes progenitor cells,-8.907206546,-2.054469078,EdU_29,RNA,Oligodendrogenesis trajectory,0.547943893,1.332416819,-3.469895022
440,2752,9389,EdU,Aged,5D6,Oligodendrocytes progenitor cells,-8.989253055,-1.561908811,EdU_31,RNA,Oligodendrogenesis trajectory,0.547944317,1.500088976,-3.603038686
2536,1114,2293,EdU,Aged,5D6,Oligodendrocytes progenitor cells,-9.825507175,0.186139521,EdU_33,RNA,Oligodendrogenesis trajectory,0.594553709,2.733141468,-1.14241721
2337,1248,2901,EdU,Aged,5D6,Oligodendrocytes progenitor cells,-8.998362552,-0.133367389,EdU_33,RNA,Oligodendrogenesis trajectory,0.60118304,3.182158039,-0.961423414
2261,1054,2388,EdU,Aged,5D6,Oligodendrocytes progenitor cells,-9.784720431,0.70481211,EdU_33,RNA,Oligodendrogenesis trajectory,0.604081355,2.876217411,-1.267123001
2485,1313,3159,EdU,Aged,5D6,Oligodendrocytes progenitor cells,-9.66842271,0.297834132,EdU_33,RNA,Oligodendrogenesis trajectory,0.607215413,2.922679947,-1.26922931
2682,973,1999,EdU,Aged,5D6,Oligodendrocytes progenitor cells,-9.913435947,0.653525025,EdU_33,RNA,Oligodendrogenesis trajectory,0.617980693,3.237469242,-1.141341823
677,1907,5268,EdU,Aged,5D6,Oligodendrocytes progenitor cells,-9.547175418,0.690639735,EdU_31,RNA,Oligodendrogenesis trajectory,0.619051614,3.460127877,-0.962030666
2386,1463,3834,EdU,Aged,5D6,Oligodendrocytes progenitor cells,-9.442218791,-0.355159193,EdU_33,RNA,Oligodendrogenesis trajectory,0.620037332,3.190750645,-1.209929126
2354,1769,4908,EdU,Aged,5D6,Oligodendrocytes progenitor cells,-9.601428996,-0.153217226,EdU_33,RNA,Oligodendrogenesis trajectory,0.622288556,3.334398793,-1.115439909
2633,2201,6476,EdU,Aged,5D6,Oligodendrocytes progenitor cells,-8.352322589,0.678781391,EdU_33,RNA,Oligodendrogenesis trajectory,0.703787774,4.661263512,-0.896897691
441,1094,2194,EdU,Aged,5D6,Oligodendrocytes progenitor cells,-10.96756269,-1.737295121,EdU_29,RNA,Oligodendrogenesis trajectory,0.725228687,0.028474854,-1.931834477
777,1579,4289,EdU,Aged,5D6,Oligodendrocytes progenitor cells,-9.01494218,0.438320369,EdU_31,RNA,Oligodendrogenesis trajectory,0.730974686,4.997395562,-0.281729864
802,1473,3705,EdU,Aged,5D6,Oligodendrocytes progenitor cells,-9.123434077,1.011682421,EdU_31,RNA,Oligodendrogenesis trajectory,0.730974898,4.871250199,-0.659449237
2475,1336,3333,EdU,Aged,5D6,Oligodendrocytes progenitor cells,-9.744771014,-0.755595475,EdU_33,RNA,Oligodendrogenesis trajectory,0.730979137,4.754147576,-0.769638496
11950,1787,4803,EdU,Aged,5D6,Oligodendrocytes progenitor cells,-9.370313655,0.162150287,EdU_33,RNA,Oligodendrogenesis trajectory,0.73097956,4.916565941,-0.012545335
903,1854,5144,EdU,Aged,5D6,Oligodendrocytes progenitor cells,-10.74170781,-1.662404507,EdU_29,RNA,Oligodendrogenesis trajectory,0.733565125,1.128276633,-1.245884078
2512,1773,4494,EdU,Aged,5D6,Oligodendrocytes progenitor cells,-9.651365291,-0.038934081,EdU_33,RNA,Oligodendrogenesis trajectory,0.733566396,1.302271651,-1.364325779
2526,1387,3333,EdU,Aged,5D6,Oligodendrocytes progenitor cells,-9.840595256,0.245775584,EdU_33,RNA,Oligodendrogenesis trajectory,0.733566608,1.292913721,-1.439401763
2241,1056,1965,DAPI,Aged,5D6,Oligodendrocytes progenitor cells,-10.65376569,-1.703787297,EdU_33,RNA,Oligodendrogenesis trajectory,0.74504453,0.110770629,-2.14264931
1059,1878,4965,EdU,Aged,5D6,Oligodendrocytes progenitor cells,-8.481992732,0.359740779,EdU_31,RNA,Oligodendrogenesis trajectory,0.74938898,3.721151875,-1.874059814
2312,824,1627,EdU,Aged,5D6,Oligodendrocytes progenitor cells,-10.23139573,0.513282299,EdU_33,RNA,Oligodendrogenesis trajectory,0.752495488,4.047913597,-0.074097338
2368,1283,3247,EdU,Aged,5D6,Oligodendrocytes progenitor cells,-9.812618266,0.76635167,EdU_33,RNA,Oligodendrogenesis trajectory,0.752495912,4.345015095,-0.088439035
2472,1308,3157,EdU,Aged,5D6,Oligodendrocytes progenitor cells,-9.708451282,0.735218972,EdU_33,RNA,Oligodendrogenesis trajectory,0.752496336,4.34714608,0.320394469
2269,2215,6940,EdU,Aged,5D6,Oligodendrocytes progenitor cells,-9.475893031,0.303422153,EdU_33,RNA,Oligodendrogenesis trajectory,0.768423154,3.798720406,0.223197756
2270,1758,4759,EdU,Aged,5D6,Oligodendrocytes progenitor cells,-10.76904012,-1.970824211,EdU_33,RNA,Oligodendrogenesis trajectory,0.801656,0.067873524,-1.85316171
253,2934,9235,EdU,Aged,5D6,Oligodendrocytes progenitor cells,-8.056675922,-0.068489283,EdU_31,RNA,Oligodendrogenesis trajectory,0.806003927,4.236372517,-2.91886081
2253,1271,2624,DAPI,Aged,5D6,Oligodendrocytes progenitor cells,-9.476036082,0.528171957,EdU_33,RNA,Oligodendrogenesis trajectory,0.861891875,3.809859799,-0.309313583
2414,1264,2760,EdU,Aged,5D6,Oligodendrocytes progenitor cells,-10.63217641,-1.777002781,EdU_33,RNA,Oligodendrogenesis trajectory,0.867851975,0.696795748,-1.064427274
2272,1640,3967,EdU,Aged,5D6,Oligodendrocytes progenitor cells,-9.868311893,0.639898658,EdU_33,RNA,Oligodendrogenesis trajectory,0.879405992,3.910458134,-0.344041395
2300,833,1727,EdU,Aged,5D6,Oligodendrocytes progenitor cells,-10.08294583,0.432061166,EdU_33,RNA,Oligodendrogenesis trajectory,0.881579366,2.519424008,-0.757962423
2464,1094,2192,EdU,Aged,5D6,Oligodendrocytes progenitor cells,-9.942751895,0.667830468,EdU_33,RNA,Oligodendrogenesis trajectory,0.881579578,2.334054516,-1.054998057
2398,1290,3072,EdU,Aged,5D6,Oligodendrocytes progenitor cells,-9.270102512,1.250458152,EdU_33,RNA,Oligodendrogenesis trajectory,0.921658411,3.681409882,0.052478541
586,1230,2685,EdU,Aged,5D6,Oligodendrocytes progenitor cells,-9.712029468,1.171139211,EdU_31,RNA,Oligodendrogenesis trajectory,0.945031016,3.64024453,0.214456496
2311,1243,2754,EdU,Aged,5D6,Oligodendrocytes progenitor cells,-9.766338359,0.368763879,EdU_33,RNA,Oligodendrogenesis trajectory,0.953521736,0.624152945,-1.071265119
965,1413,5821,EdU,Aged,5D6,Oligodendrocytes progenitor cells,-10.17117501,-1.419858068,EdU_31,RNA,Oligodendrogenesis trajectory,0.953772207,0.30836563,-2.216464656
2189,1731,3982,DAPI,Aged,5D6,Oligodendrocytes progenitor cells,-9.395939838,-2.546793192,EdU_33,RNA,Oligodendrogenesis trajectory,0.968619886,0.297882603,-2.143004554
2257,885,1734,EdU,Aged,5D6,Oligodendrocytes progenitor cells,-10.81696225,-1.419421047,EdU_33,RNA,Oligodendrogenesis trajectory,1.019639475,0.447255896,-0.925939041
2217,1239,2469,DAPI,Aged,5D6,Oligodendrocytes progenitor cells,-10.97879697,-1.71944341,EdU_33,RNA,Oligodendrogenesis trajectory,1.029931404,0.521028326,-1.029585498
879,1664,4407,EdU,Aged,5D6,Oligodendrocytes progenitor cells,-10.17333032,-1.804901093,EdU_29,RNA,Oligodendrogenesis trajectory,1.035428848,0.947802113,-1.56775369
456,839,1531,EdU,Aged,5D6,Oligodendrocytes progenitor cells,-10.70036222,-1.78625676,EdU_31,RNA,Oligodendrogenesis trajectory,1.047248757,0.470246838,-0.985976117
2527,665,1212,EdU,Aged,5D6,Oligodendrocytes progenitor cells,-10.20096112,0.461243824,EdU_33,RNA,Oligodendrogenesis trajectory,1.070103443,3.598695324,-0.362773197
2524,1078,2407,EdU,Aged,5D6,Oligodendrocytes progenitor cells,-10.61594392,-1.542509883,EdU_33,RNA,Oligodendrogenesis trajectory,1.070907714,1.087349223,-0.8850133
2315,2333,6632,EdU,Aged,5D6,Oligodendrocytes progenitor cells,-11.02755929,-2.224840134,EdU_33,RNA,Oligodendrogenesis trajectory,1.07620294,0.631347464,-1.219679134
2459,612,1060,EdU,Aged,5D6,Oligodendrocytes progenitor cells,-10.89208318,-1.627044051,EdU_33,RNA,Oligodendrogenesis trajectory,1.085020566,0.910289095,-0.842496949
2329,1084,2472,EdU,Aged,5D6,Oligodendrocytes progenitor cells,-10.89651681,-1.534186095,EdU_33,RNA,Oligodendrogenesis trajectory,1.112097452,0.261565851,-0.7608303
47,1172,2577,EdU,Aged,5D6,Oligodendrocytes progenitor cells,-9.933602344,0.130592704,EdU_31,RNA,Oligodendrogenesis trajectory,1.115420486,1.038016365,-0.836636322
789,1217,2941,EdU,Aged,5D6,Oligodendrocytes progenitor cells,-10.080225,0.568351627,EdU_31,RNA,Oligodendrogenesis trajectory,1.115697115,2.885232495,-0.855488198
2211,763,1385,DAPI,Aged,5D6,Oligodendrocytes progenitor cells,-10.85384465,-1.440567344,EdU_33,RNA,Oligodendrogenesis trajectory,1.117368217,1.258755015,-0.871136087
2183,1525,3534,DAPI,Aged,5D6,Oligodendrocytes progenitor cells,-10.81063558,-1.715029209,EdU_33,RNA,Oligodendrogenesis trajectory,1.12124727,1.014705227,-0.916491764
2297,1516,3829,EdU,Aged,5D6,Oligodendrocytes progenitor cells,-9.761450778,0.741326243,EdU_33,RNA,Oligodendrogenesis trajectory,1.124234038,3.539281414,-0.277874785
2523,1128,2477,EdU,Aged,5D6,Oligodendrocytes progenitor cells,-9.606201182,0.400190384,EdU_33,RNA,Oligodendrogenesis trajectory,1.124989932,3.444346951,-0.423978614
2574,1231,2741,EdU,Aged,5D6,Oligodendrocytes progenitor cells,-10.65763093,-1.68462798,EdU_33,RNA,Oligodendrogenesis trajectory,1.124990144,3.475196885,-0.471780735
883,1064,2242,EdU,Aged,5D6,Oligodendrocytes progenitor cells,-10.42109681,-1.218311399,EdU_31,RNA,Oligodendrogenesis trajectory,1.126338642,0.301276968,-0.706124383
410,1181,2646,EdU,Aged,5D6,Oligodendrocytes progenitor cells,-10.99212266,-1.678335279,EdU_29,RNA,Oligodendrogenesis trajectory,1.129274251,0.443036126,-0.811334925
2647,1042,2316,EdU,Aged,5D6,Oligodendrocytes progenitor cells,-11.00239659,-1.702613085,EdU_33,RNA,Oligodendrogenesis trajectory,1.129378976,0.262502478,-0.820403355
2382,1432,3744,EdU,Aged,5D6,Oligodendrocytes progenitor cells,-9.813432704,0.292775885,EdU_33,RNA,Oligodendrogenesis trajectory,1.139112085,3.469437168,-0.271138477
2617,1113,2545,EdU,Aged,5D6,Oligodendrocytes progenitor cells,-9.113155376,0.305591993,EdU_33,RNA,Oligodendrogenesis trajectory,1.141644931,3.446771668,-0.311125028
962,989,2043,EdU,Aged,5D6,Oligodendrocytes progenitor cells,-10.4556389,-0.969935625,EdU_31,RNA,Oligodendrogenesis trajectory,1.174315881,3.393509434,-0.275836723
366,1993,5229,EdU,Aged,5D6,Oligodendrocytes progenitor cells,-8.524601947,0.630505443,EdU_31,RNA,Oligodendrogenesis trajectory,1.180345365,3.010251091,-3.470506566
2216,1031,1948,DAPI,Aged,5D6,Oligodendrocytes progenitor cells,-10.80801965,-1.518898814,EdU_33,RNA,Oligodendrogenesis trajectory,1.181100014,1.097168492,-0.788403946
2465,1012,2063,EdU,Aged,5D6,Oligodendrocytes progenitor cells,-9.889172565,0.660843105,EdU_33,RNA,Oligodendrogenesis trajectory,1.196115915,1.47164707,-0.836600798
2394,829,1528,EdU,Aged,5D6,Oligodendrocytes progenitor cells,-10.94561196,-1.568139284,EdU_33,RNA,Oligodendrogenesis trajectory,1.207589644,0.706804322,-0.700987297
2516,891,1781,EdU,Aged,5D6,Oligodendrocytes progenitor cells,-10.90115548,-1.354005187,EdU_33,RNA,Oligodendrogenesis trajectory,1.21189876,0.601002024,-0.679826694
427,1477,4026,EdU,Aged,5D6,Oligodendrocytes progenitor cells,-10.45949651,-1.66008827,EdU_29,RNA,Oligodendrogenesis trajectory,1.213442384,0.289473341,-0.627350884
2427,1194,2517,EdU,Aged,5D6,Oligodendrocytes progenitor cells,-10.77023698,-1.451278299,EdU_33,RNA,Oligodendrogenesis trajectory,1.214998538,1.171963261,-0.770773309
11920,1142,2770,EdU,Aged,5D6,Oligodendrocytes progenitor cells,-10.72900106,-1.508072823,EdU_33,RNA,Oligodendrogenesis trajectory,1.221852262,0.83389406,-0.968367236
11911,957,2139,EdU,Aged,5D6,Oligodendrocytes progenitor cells,-10.04696752,0.636101038,EdU_33,RNA,Oligodendrogenesis trajectory,1.22471794,3.404958771,-0.00563675
2252,686,1195,DAPI,Aged,5D6,Oligodendrocytes progenitor cells,-10.13794042,0.427700922,EdU_33,RNA,Oligodendrogenesis trajectory,1.227063958,0.98082094,-0.728768247
502,828,1884,EdU,Aged,5D6,Oligodendrocytes progenitor cells,-10.15836907,0.440809548,EdU_29,RNA,Oligodendrogenesis trajectory,1.22801643,3.165208863,-0.868490654
2625,1351,3072,EdU,Aged,5D6,Oligodendrocytes progenitor cells,-10.79989911,-1.496846765,EdU_33,RNA,Oligodendrogenesis trajectory,1.22910172,0.369829939,-1.067523974
952,961,1945,EdU,Aged,5D6,Oligodendrocytes progenitor cells,-10.07324315,0.436812133,EdU_29,RNA,Oligodendrogenesis trajectory,1.23265129,2.964994477,-0.816788095
2229,1118,2163,DAPI,Aged,5D6,Oligodendrocytes progenitor cells,-9.728671085,-2.580316513,EdU_33,RNA,Oligodendrogenesis trajectory,1.235681482,3.299623059,-0.195369797
2470,934,1910,EdU,Aged,5D6,Oligodendrocytes progenitor cells,-10.98466207,-1.577664345,EdU_33,RNA,Oligodendrogenesis trajectory,1.236126258,0.2121778,-0.87901433
658,1445,3572,EdU,Aged,5D6,Oligodendrocytes progenitor cells,-9.64261819,0.673522473,EdU_31,RNA,Oligodendrogenesis trajectory,1.243171575,3.287553833,-0.186957824
376,1119,2876,EdU,Aged,5D6,Oligodendrocytes progenitor cells,-9.711184512,0.358622708,EdU_31,RNA,Oligodendrogenesis trajectory,1.243526966,3.225329445,-0.875488835
2445,1149,2737,EdU,Aged,5D6,Oligodendrocytes progenitor cells,-10.28277398,-1.394864529,EdU_33,RNA,Oligodendrogenesis trajectory,1.246593381,1.026275919,-0.718998449
929,1001,2057,EdU,Aged,5D6,Oligodendrocytes progenitor cells,-9.97746564,0.566551954,EdU_31,RNA,Oligodendrogenesis trajectory,1.248288242,2.950208233,-0.64838137
2280,1196,2772,EdU,Aged,5D6,Oligodendrocytes progenitor cells,-10.95780278,-1.804852932,EdU_33,RNA,Oligodendrogenesis trajectory,1.250834467,0.086902307,-0.739592391
2359,1525,3734,EdU,Aged,5D6,Oligodendrocytes progenitor cells,-9.591823588,0.550892413,EdU_33,RNA,Oligodendrogenesis trajectory,1.252945424,3.353266762,0.011770578
2557,1320,2926,EdU,Aged,5D6,Oligodendrocytes progenitor cells,-10.89599038,-1.954950541,EdU_33,RNA,Oligodendrogenesis trajectory,1.263873855,1.113378333,-0.718046325
2198,780,1482,DAPI,Aged,5D6,Oligodendrocytes progenitor cells,-10.06523515,0.538989574,EdU_33,RNA,Oligodendrogenesis trajectory,1.274884488,3.399986313,0.225574357
2292,1383,3623,EdU,Aged,5D6,Oligodendrocytes progenitor cells,-10.04499341,0.429957003,EdU_33,RNA,Oligodendrogenesis trajectory,1.313507953,3.02490382,-0.649194079
2330,1265,2871,EdU,Aged,5D6,Oligodendrocytes progenitor cells,-9.859395038,-0.993042439,EdU_33,RNA,Oligodendrogenesis trajectory,1.345418138,1.26755266,-1.160697954
2188,1005,1876,DAPI,Aged,5D6,Oligodendrocytes progenitor cells,-9.247341167,0.053261787,EdU_33,RNA,Oligodendrogenesis trajectory,1.345492834,1.397397803,-1.186230081
2371,760,1403,EdU,Aged,5D6,Oligodendrocytes progenitor cells,-10.956069,-1.482505887,EdU_33,RNA,Oligodendrogenesis trajectory,1.3565801,0.444721268,-0.526555138
2420,1391,3560,EdU,Aged,5D6,Oligodendrocytes progenitor cells,-10.89715386,-1.781054705,EdU_33,RNA,Oligodendrogenesis trajectory,1.362969704,0.892574595,-0.594400542
2266,1286,3129,EdU,Aged,5D6,Oligodendrocytes progenitor cells,-10.61232377,-1.545039504,EdU_33,RNA,Oligodendrogenesis trajectory,1.372200181,0.923565672,-1.11648001
2491,1131,2421,EdU,Aged,5D6,Oligodendrocytes progenitor cells,-10.04084874,0.522170544,EdU_33,RNA,Oligodendrogenesis trajectory,1.380812104,3.125432061,-0.669017213
2457,1149,2740,EdU,Aged,5D6,Oligodendrocytes progenitor cells,-9.79219247,0.190187972,EdU_33,RNA,Oligodendrogenesis trajectory,1.386819885,1.126878785,-1.169049161
2434,891,1837,EdU,Aged,5D6,Oligodendrocytes progenitor cells,-10.83191968,-1.539355486,EdU_33,RNA,Oligodendrogenesis trajectory,1.39515108,2.874321507,-0.452588337
2327,1000,2130,EdU,Aged,5D6,Oligodendrocytes progenitor cells,-10.86365319,-1.645817011,EdU_33,RNA,Oligodendrogenesis trajectory,1.403340613,0.707067774,-0.528350609
216,994,2255,EdU,Aged,5D6,Oligodendrocytes progenitor cells,-10.92445184,-1.464879721,EdU_31,RNA,Oligodendrogenesis trajectory,1.421162581,0.975922154,-0.451891589
2240,1014,1883,DAPI,Aged,5D6,Oligodendrocytes progenitor cells,-9.644984256,-0.959480136,EdU_33,RNA,Oligodendrogenesis trajectory,1.421163216,0.928358124,-0.422590362
2602,1016,2287,EdU,Aged,5D6,Oligodendrocytes progenitor cells,-11.02804566,-1.459426015,EdU_33,RNA,Oligodendrogenesis trajectory,1.440773641,0.749742554,-0.502330499
2520,1312,3039,EdU,Aged,5D6,Oligodendrocytes progenitor cells,-10.52006723,-1.4987019,EdU_33,RNA,Oligodendrogenesis trajectory,1.444822846,0.938893603,-0.529793637
2203,1406,3313,DAPI,Aged,5D6,Oligodendrocytes progenitor cells,-9.884285937,0.349386551,EdU_33,RNA,Oligodendrogenesis trajectory,1.447719605,3.363668488,-0.800698059
2619,834,1538,EdU,Aged,5D6,Oligodendrocytes progenitor cells,-10.91731073,-1.50754401,EdU_33,RNA,Oligodendrogenesis trajectory,1.46108722,0.948204325,-0.51697399
2658,820,1752,EdU,Aged,5D6,Oligodendrocytes progenitor cells,-10.10698987,0.520067603,EdU_33,RNA,Oligodendrogenesis trajectory,1.472644163,2.892082737,-0.396077382
2418,1015,2113,EdU,Aged,5D6,Oligodendrocytes progenitor cells,-10.10971166,0.517183274,EdU_33,RNA,Oligodendrogenesis trajectory,1.484273942,2.92980008,-0.415976661
2212,956,1833,DAPI,Aged,5D6,Oligodendrocytes progenitor cells,-10.6295786,-1.340715974,EdU_33,RNA,Oligodendrogenesis trajectory,1.491979426,1.093454169,-0.49430682
2652,792,1551,EdU,Aged,5D6,Oligodendrocytes progenitor cells,-10.12186242,0.447537169,EdU_33,RNA,Oligodendrogenesis trajectory,1.52611859,3.256170796,-0.64194228
2522,1074,2125,EdU,Aged,5D6,Oligodendrocytes progenitor cells,-10.73877145,-2.122579783,EdU_33,RNA,Oligodendrogenesis trajectory,1.527083958,1.010326193,-0.28153305
340,1544,3667,EdU,Aged,5D6,Oligodendrocytes progenitor cells,-8.255210887,-0.159825593,EdU_31,RNA,Oligodendrogenesis trajectory,1.539767508,3.190692471,-0.436211216
156,621,1142,EdU,Aged,5D6,Oligodendrocytes progenitor cells,-10.18070031,0.424534247,EdU_29,RNA,Oligodendrogenesis trajectory,1.548621466,1.208477543,-0.622176307
2214,1131,2368,DAPI,Aged,5D6,Oligodendrocytes progenitor cells,-9.938014041,-0.062125742,EdU_33,RNA,Oligodendrogenesis trajectory,1.55726944,3.145914601,-0.524176019
696,1096,2627,EdU,Aged,5D6,Oligodendrocytes progenitor cells,-9.951670657,0.467517361,EdU_29,RNA,Oligodendrogenesis trajectory,1.60502805,3.32168536,-0.607045131
2640,1376,3679,EdU,Aged,5D6,Oligodendrocytes progenitor cells,-10.96990777,-1.747963756,EdU_33,RNA,Oligodendrogenesis trajectory,1.609507087,1.163406657,-0.440563964
2449,1194,2586,EdU,Aged,5D6,Oligodendrocytes progenitor cells,-10.79620362,-1.438123315,EdU_33,RNA,Oligodendrogenesis trajectory,1.635826964,1.257349299,-0.576562064
457,1325,2852,EdU,Aged,5D6,Oligodendrocytes progenitor cells,-8.261963855,-0.167555213,EdU_30,RNA,Oligodendrogenesis trajectory,1.640206759,3.039842175,-0.306767898
2632,760,1416,EdU,Aged,5D6,Oligodendrocytes progenitor cells,-10.92970372,-1.712634652,EdU_33,RNA,Oligodendrogenesis trajectory,1.646369907,1.188905762,-0.430436837
2411,1116,2361,EdU,Aged,5D6,Oligodendrocytes progenitor cells,-9.060710918,0.261237247,EdU_33,RNA,Oligodendrogenesis trajectory,1.733940805,3.157417344,-0.263423699
951,1168,2528,EdU,Aged,5D6,Oligodendrocytes progenitor cells,-9.945757876,0.37933907,EdU_31,RNA,Oligodendrogenesis trajectory,1.770554764,3.224115895,-0.252720373
2358,1065,2223,EdU,Aged,5D6,Oligodendrocytes progenitor cells,-10.05544187,0.575870157,EdU_33,RNA,Oligodendrogenesis trajectory,1.810847062,3.158325241,-0.199211183
2235,1209,2592,DAPI,Aged,5D6,Oligodendrocytes progenitor cells,-10.46773912,-1.298305243,EdU_33,RNA,Oligodendrogenesis trajectory,1.829669689,2.991721199,-0.078855815
2519,1140,2456,EdU,Aged,5D6,Oligodendrocytes progenitor cells,-10.07699681,0.420180351,EdU_33,RNA,Oligodendrogenesis trajectory,1.831207347,2.993559407,-0.088804516
2493,880,1628,EdU,Aged,5D6,Oligodendrocytes progenitor cells,-10.76867963,-1.253138274,EdU_33,RNA,Oligodendrogenesis trajectory,1.834055433,1.30423169,-0.351448911
2373,1118,2369,EdU,Aged,5D6,Oligodendrocytes progenitor cells,-10.51425744,-1.33538565,EdU_33,RNA,Oligodendrogenesis trajectory,1.841190405,1.342002676,-0.411585914
2598,778,1495,EdU,Aged,5D6,Oligodendrocytes progenitor cells,-10.14246369,0.388681353,EdU_33,RNA,Oligodendrogenesis trajectory,1.862760819,3.029504345,-0.242574083
2399,728,1490,EdU,Aged,5D6,Oligodendrocytes progenitor cells,-10.32090188,0.051890597,EdU_33,RNA,Oligodendrogenesis trajectory,1.93010939,1.31847863,-0.226348417
796,904,3327,EdU,Aged,5D6,Oligodendrocytes progenitor cells,-10.10350133,0.538950682,EdU_31,RNA,Oligodendrogenesis trajectory,1.941036884,3.102522419,-0.166645812
867,667,1214,EdU,Aged,5D6,Oligodendrocytes progenitor cells,-10.19654275,0.55106622,EdU_31,RNA,Oligodendrogenesis trajectory,2.015381078,3.172944592,-0.124905484
1171,1308,3013,EdU,Aged,5D6,Oligodendrocytes progenitor cells,-10.55342103,-1.397527545,EdU_31,RNA,Oligodendrogenesis trajectory,2.028284171,2.833203839,0.321750475
2288,1231,2791,EdU,Aged,5D6,Oligodendrocytes progenitor cells,-9.402670871,1.0675973,EdU_33,RNA,Oligodendrogenesis trajectory,2.028285442,3.05818467,0.367547972
2304,1391,3072,EdU,Aged,5D6,Oligodendrocytes progenitor cells,-9.496372233,0.880129785,EdU_33,RNA,Oligodendrogenesis trajectory,2.028285654,3.046176003,0.220203889
2313,948,2308,EdU,Aged,5D6,Oligodendrocytes progenitor cells,-9.995874416,0.388198868,EdU_33,RNA,Oligodendrogenesis trajectory,2.028285866,2.861287163,0.148708334
2174,913,1707,DAPI,Aged,5D6,Oligodendrocytes progenitor cells,-10.05315209,0.628759742,EdU_33,RNA,Oligodendrogenesis trajectory,2.039294678,3.209520386,0.093755794
2383,1036,2330,EdU,Aged,5D6,Oligodendrocytes progenitor cells,-10.13534547,0.430223525,EdU_33,RNA,Oligodendrogenesis trajectory,2.167205545,2.889015721,-0.105267572
2356,965,1963,EdU,Aged,5D6,Oligodendrocytes progenitor cells,-9.664223682,0.498301238,EdU_33,RNA,Oligodendrogenesis trajectory,2.188461876,2.71654229,0.051085804
895,1387,5026,EdU,Aged,5D6,Oligodendrocytes progenitor cells,-9.580929767,0.486136809,EdU_31,RNA,Oligodendrogenesis trajectory,2.196149601,2.739176319,-0.251085746
2190,945,1662,DAPI,Aged,5D6,Oligodendrocytes progenitor cells,-9.824743281,0.08064431,EdU_33,RNA,Oligodendrogenesis trajectory,2.196150237,2.883143471,-0.182236361
2538,1157,2455,EdU,Aged,5D6,Oligodendrocytes progenitor cells,-9.854682933,0.45053655,EdU_33,RNA,Oligodendrogenesis trajectory,2.196150449,2.752373742,-0.295462834
2655,960,1991,EdU,Aged,5D6,Oligodendrocytes progenitor cells,-10.56551362,-1.611145824,EdU_33,RNA,Oligodendrogenesis trajectory,2.196150873,2.852125214,-0.281341838
2447,1156,2501,EdU,Aged,5D6,Oligodendrocytes progenitor cells,-10.90986634,-1.435151547,EdU_33,RNA,Oligodendrogenesis trajectory,2.212308715,1.699111985,-0.665788608
2388,1141,2482,EdU,Aged,5D6,Oligodendrocytes progenitor cells,-10.05186845,-1.342246264,EdU_33,RNA,Oligodendrogenesis trajectory,2.214719081,1.60913925,-0.824543195
2384,902,1799,EdU,Aged,5D6,Oligodendrocytes progenitor cells,-10.11042977,0.512875587,EdU_33,RNA,Oligodendrogenesis trajectory,2.219799269,2.740792797,-0.015160302
2432,960,2050,EdU,Aged,5D6,Oligodendrocytes progenitor cells,-9.874155055,0.249730439,EdU_33,RNA,Oligodendrogenesis trajectory,2.221335649,1.822568224,-0.760281103
288,1798,4852,EdU,Aged,5D6,Oligodendrocytes progenitor cells,-9.370776187,-2.139984101,EdU_31,RNA,Oligodendrogenesis trajectory,2.226528608,1.878642128,-0.830889183
224,1192,2671,EdU,Aged,5D6,Oligodendrocytes progenitor cells,-10.53538896,-1.4004682,EdU_31,RNA,Oligodendrogenesis trajectory,2.266145085,1.734539793,-0.23596673
2196,932,1762,DAPI,Aged,5D6,Oligodendrocytes progenitor cells,-10.28728772,-0.903519004,EdU_33,RNA,Oligodendrogenesis trajectory,2.272608871,1.621541069,-0.557661133
1101,1055,2219,EdU,Aged,5D6,Oligodendrocytes progenitor cells,-9.813285838,0.504212588,EdU_29,RNA,Oligodendrogenesis trajectory,2.279130267,1.579988764,-0.654931682
2213,658,1162,DAPI,Aged,5D6,Oligodendrocytes progenitor cells,-10.3066311,0.303137683,EdU_33,RNA,Oligodendrogenesis trajectory,2.280817543,1.515881108,-0.847482818
2678,978,1965,EdU,Aged,5D6,Oligodendrocytes progenitor cells,-10.18583776,0.291201756,EdU_33,RNA,Oligodendrogenesis trajectory,2.306613678,1.513060377,-0.725477296
2205,1178,2306,DAPI,Aged,5D6,Oligodendrocytes progenitor cells,-9.764914523,-0.021600037,EdU_33,RNA,Oligodendrogenesis trajectory,2.335302848,1.515555189,-0.572115081
2428,1433,3553,EdU,Aged,5D6,Oligodendrocytes progenitor cells,-9.67733575,0.218403355,EdU_33,RNA,Oligodendrogenesis trajectory,2.339875143,1.613444136,-0.241837876
2549,509,865,EdU,Aged,5D6,Oligodendrocytes progenitor cells,-10.10808278,0.555629492,EdU_33,RNA,Oligodendrogenesis trajectory,2.346366594,1.513107108,-0.523672538
2502,1045,2207,EdU,Aged,5D6,Oligodendrocytes progenitor cells,-10.84750939,-1.749837368,EdU_33,RNA,Oligodendrogenesis trajectory,2.349051952,1.459940956,-0.676836329
1150,744,1437,EdU,Aged,5D6,Oligodendrocytes progenitor cells,-10.09479619,0.510577947,EdU_29,RNA,Oligodendrogenesis trajectory,2.365594691,2.617795037,-0.027259792
2397,1104,2527,EdU,Aged,5D6,Oligodendrocytes progenitor cells,-9.922359477,0.335222491,EdU_33,RNA,Oligodendrogenesis trajectory,2.374533524,1.514263676,-0.377163129
2548,415,649,EdU,Aged,5D6,Oligodendrocytes progenitor cells,-10.94087888,-1.452974408,EdU_33,RNA,Oligodendrogenesis trajectory,2.379677277,1.598269509,-0.087539109
607,901,1748,EdU,Aged,5D6,Oligodendrocytes progenitor cells,-10.99155427,-1.614713639,EdU_31,RNA,Oligodendrogenesis trajectory,2.43421443,1.471612976,-0.208210605
2483,747,1432,EdU,Aged,5D6,Oligodendrocytes progenitor cells,-10.2257166,0.437359244,EdU_33,RNA,Oligodendrogenesis trajectory,2.434889021,1.523638056,-0.041583801
182,754,1361,EdU,Aged,5D6,Oligodendrocytes progenitor cells,-10.82075692,-1.292203873,EdU_31,RNA,Oligodendrogenesis trajectory,2.437909563,1.45432,-0.243716704
2537,586,1050,EdU,Aged,5D6,Oligodendrocytes progenitor cells,-10.2763424,0.423795671,EdU_33,RNA,Oligodendrogenesis trajectory,2.441135435,1.466891573,-0.164162951
2237,1284,2787,DAPI,Aged,5D6,Oligodendrocytes progenitor cells,-10.62184812,-1.543127268,EdU_33,RNA,Oligodendrogenesis trajectory,2.62122753,2.113883541,-0.939648526
2220,761,1211,DAPI,Aged,5D6,Oligodendrocytes progenitor cells,-9.964574824,0.513681591,EdU_33,RNA,Oligodendrogenesis trajectory,2.664790662,2.316891716,0.291183231
2314,652,1314,EdU,Aged,5D6,Oligodendrocytes progenitor cells,-10.33563138,0.411490456,EdU_33,RNA,Oligodendrogenesis trajectory,2.675457078,2.362928913,0.128982258
940,786,1549,EdU,Aged,5D6,Oligodendrocytes progenitor cells,-10.02013589,0.544244677,EdU_31,RNA,Oligodendrogenesis trajectory,2.67893734,2.266575859,0.037809174
2438,937,1916,EdU,Aged,5D6,Oligodendrocytes progenitor cells,-10.209404,-0.264912098,EdU_33,RNA,Oligodendrogenesis trajectory,2.679662012,2.664869831,-0.444528657
2542,690,1184,EdU,Aged,5D6,Oligodendrocytes progenitor cells,-10.19429399,0.45582974,EdU_33,RNA,Oligodendrogenesis trajectory,2.679662224,2.715920971,-0.409861582
2646,1658,4633,EdU,Aged,5D6,Oligodendrocytes progenitor cells,-9.811037074,0.091660679,EdU_33,RNA,Oligodendrogenesis trajectory,2.679662436,2.617019699,-0.593617397
2662,566,999,EdU,Aged,5D6,Oligodendrocytes progenitor cells,-10.13700963,0.481452778,EdU_33,RNA,Oligodendrogenesis trajectory,2.679662648,2.633707569,-0.42042585
2674,862,1736,EdU,Aged,5D6,Oligodendrocytes progenitor cells,-10.09258653,0.474774421,EdU_33,RNA,Oligodendrogenesis trajectory,2.67966286,2.719589756,-0.476014572
2627,472,783,EdU,Aged,5D6,Oligodendrocytes progenitor cells,-10.27457334,0.461843759,EdU_33,RNA,Oligodendrogenesis trajectory,2.682751486,2.348288582,0.063786571
2677,895,1796,EdU,Aged,5D6,Oligodendrocytes progenitor cells,-10.09468461,0.460973517,EdU_33,RNA,Oligodendrogenesis trajectory,2.684184786,2.284547375,-0.064917261
2641,995,2036,EdU,Aged,5D6,Oligodendrocytes progenitor cells,-10.98957158,-1.552422493,EdU_33,RNA,Oligodendrogenesis trajectory,2.693969978,2.28251438,-0.755489367
2331,980,2287,EdU,Aged,5D6,Oligodendrocytes progenitor cells,-10.14973165,0.379726381,EdU_33,RNA,Oligodendrogenesis trajectory,2.694712848,2.793260144,-0.390023428
252,1109,2354,EdU,Aged,5D6,Oligodendrocytes progenitor cells,-10.75887109,-1.480642885,EdU_31,RNA,Oligodendrogenesis trajectory,2.702782322,2.273101853,-0.181847754
2504,762,1462,EdU,Aged,5D6,Oligodendrocytes progenitor cells,-10.23263742,0.459790186,EdU_33,RNA,Oligodendrogenesis trajectory,2.705048929,2.300111817,-0.142012449
208,799,1528,EdU,Aged,5D6,Oligodendrocytes progenitor cells,-10.06994535,0.438522727,EdU_29,RNA,Oligodendrogenesis trajectory,2.707401736,2.499192761,-0.417049634
2429,963,1935,EdU,Aged,5D6,Oligodendrocytes progenitor cells,-9.852204333,0.178449341,EdU_33,RNA,Oligodendrogenesis trajectory,2.720783784,2.214609908,0.013024235
928,1024,2019,EdU,Aged,5D6,Oligodendrocytes progenitor cells,-10.27402211,0.449699805,EdU_31,RNA,Oligodendrogenesis trajectory,2.729801397,2.413156079,-0.053385215
577,987,2182,EdU,Aged,5D6,Oligodendrocytes progenitor cells,-10.00758935,0.432301268,EdU_31,RNA,Oligodendrogenesis trajectory,2.751459498,2.452187107,-0.551356154
818,791,1670,EdU,Aged,5D6,Oligodendrocytes progenitor cells,-10.00888349,0.545570583,EdU_29,RNA,Oligodendrogenesis trajectory,2.770515165,2.151788996,-0.024728755
2322,904,2079,EdU,Aged,5D6,Oligodendrocytes progenitor cells,-10.93874646,-1.52459976,EdU_33,RNA,Oligodendrogenesis trajectory,2.770904817,2.532946633,-0.310655373
2306,854,1584,EdU,Aged,5D6,Oligodendrocytes progenitor cells,-10.56442548,-1.491734594,EdU_33,RNA,Oligodendrogenesis trajectory,2.772007415,2.61002116,-0.310883092
2659,894,1766,EdU,Aged,5D6,Oligodendrocytes progenitor cells,-10.09502221,-0.147857606,EdU_33,RNA,Oligodendrogenesis trajectory,2.775005328,2.132629679,-0.133335056
2666,903,1629,EdU,Aged,5D6,Oligodendrocytes progenitor cells,-9.937967311,0.553943485,EdU_33,RNA,Oligodendrogenesis trajectory,2.78150197,2.501227902,-0.299693274
2559,548,928,EdU,Aged,5D6,Oligodendrocytes progenitor cells,-10.1957121,0.422701538,EdU_33,RNA,Oligodendrogenesis trajectory,2.783671759,2.220905827,-0.651546794
793,1028,2216,EdU,Aged,5D6,Oligodendrocytes progenitor cells,-10.15488626,0.452519298,EdU_31,RNA,Oligodendrogenesis trajectory,2.785512694,2.134929465,-0.019852082
11906,546,996,EdU,Aged,5D6,Oligodendrocytes progenitor cells,-10.26554586,0.431142331,EdU_33,RNA,Oligodendrogenesis trajectory,2.796144034,2.408873127,-0.421668457
2539,926,1895,EdU,Aged,5D6,Oligodendrocytes progenitor cells,-10.11995031,0.344377086,EdU_33,RNA,Oligodendrogenesis trajectory,2.859359052,2.344449566,-0.430084127
731,1571,3970,EdU,Aged,5D6,Oligodendrocytes progenitor cells,-9.869594585,0.650725127,EdU_29,RNA,Oligodendrogenesis trajectory,2.86857445,2.334907578,-0.440503853
2391,814,1570,EdU,Aged,5D6,Oligodendrocytes progenitor cells,-10.25707818,0.434927166,EdU_33,RNA,Oligodendrogenesis trajectory,2.891471123,2.017926739,0.031114311
14031,950,2229,EdU,Aged,5D6,Oligodendrocytes progenitor cells,-10.08474446,0.429895387,EdU_33,RNA,Oligodendrogenesis trajectory,2.898004389,2.440556095,-0.184078368
945,809,2484,EdU,Aged,5D6,Oligodendrocytes progenitor cells,-10.20588971,0.410746977,EdU_31,RNA,Oligodendrogenesis trajectory,2.899188758,2.60996394,-0.185797366
152,441,686,EdU,Aged,5D6,Oligodendrocytes progenitor cells,-10.41698648,-0.273296922,EdU_29,RNA,Oligodendrogenesis trajectory,2.926211578,2.615063237,-0.159306976
135,1171,2429,EdU,Aged,5D6,Oligodendrocytes progenitor cells,-10.08726979,0.389715791,EdU_31,RNA,Oligodendrogenesis trajectory,2.93433363,2.266211794,-0.547946232
11963,834,1781,EdU,Aged,5D6,Oligodendrocytes progenitor cells,-10.72994043,-1.383645266,EdU_33,RNA,Oligodendrogenesis trajectory,2.972083556,2.233511494,-0.204832094
2310,864,1740,EdU,Aged,5D6,Oligodendrocytes progenitor cells,-10.15609075,0.423056066,EdU_33,RNA,Oligodendrogenesis trajectory,2.975911326,2.154872225,-0.32947697
567,948,1984,EdU,Aged,5D6,Oligodendrocytes progenitor cells,-9.790159236,-0.178875207,EdU_31,RNA,Oligodendrogenesis trajectory,3.008694806,2.106978224,-0.410178798
516,1025,2071,EdU,Aged,5D6,Oligodendrocytes progenitor cells,-9.835062038,0.325978786,EdU_31,RNA,Oligodendrogenesis trajectory,3.015448629,2.283212946,-0.488643246
280,979,2240,EdU,Aged,5D6,Oligodendrocytes progenitor cells,-10.14126969,0.500229866,EdU_29,RNA,Oligodendrogenesis trajectory,3.076805803,2.007552193,-0.306138771
2592,865,1618,EdU,Aged,5D6,Oligodendrocytes progenitor cells,-10.80989171,-1.377749532,EdU_33,RNA,Oligodendrogenesis trajectory,3.317284123,1.573942469,0.189158258
2187,736,1283,DAPI,Aged,5D6,Oligodendrocytes progenitor cells,-10.07745839,0.502894611,EdU_33,RNA,Oligodendrogenesis trajectory,3.323766438,1.727893399,0.12623286
54,654,1310,EdU,Aged,5D6,Oligodendrocytes progenitor cells,-10.13658715,0.502706498,EdU_29,RNA,Oligodendrogenesis trajectory,3.325240716,1.683840559,0.044693659
2591,619,1108,EdU,Aged,5D6,Oligodendrocytes progenitor cells,-10.13347627,0.458045185,EdU_33,RNA,Oligodendrogenesis trajectory,3.326151162,1.821244763,0.147754384
228,474,784,EdU,Aged,5D6,Oligodendrocytes progenitor cells,-10.5129881,0.595526129,EdU_29,RNA,Oligodendrogenesis trajectory,3.327028869,1.851800965,0.152152551
2410,580,1090,EdU,Aged,5D6,Oligodendrocytes progenitor cells,-10.25344945,0.423761607,EdU_33,RNA,Oligodendrogenesis trajectory,3.328935478,2.008327053,0.245672164
140,546,1003,EdU,Aged,5D6,Oligodendrocytes progenitor cells,-10.28134729,0.52237621,EdU_29,RNA,Oligodendrogenesis trajectory,3.328993293,1.805269526,0.054846056
13943,1046,2287,EdU,Aged,5D6,Oligodendrocytes progenitor cells,-10.7669468,-1.456000059,EdU_31,RNA,Oligodendrogenesis trajectory,3.331943662,1.930596875,0.090631419
2320,464,749,EdU,Aged,5D6,Oligodendrocytes progenitor cells,-10.23349477,0.430991427,EdU_33,RNA,Oligodendrogenesis trajectory,3.398256992,1.649120139,0.425357414
11937,1637,4411,EdU,Aged,5D6,Oligodendrocytes progenitor cells,-10.3632908,-1.635902255,EdU_33,RNA,Oligodendrogenesis trajectory,3.874319269,1.882969664,0.818622095
2654,963,2161,EdU,Aged,5D6,Oligodendrocytes progenitor cells,-9.905591975,0.236292561,EdU_33,RNA,Oligodendrogenesis trajectory,4.112874168,1.900024937,1.05153249
2239,1585,3523,DAPI,Aged,5D6,Oligodendrocytes progenitor cells,-9.705075275,-1.149437993,EdU_33,RNA,Oligodendrogenesis trajectory,4.148291254,1.991602467,1.08405946
2622,1775,4607,EdU,Aged,5D6,Oligodendrocytes progenitor cells,-10.4777546,-1.971537321,EdU_33,RNA,Oligodendrogenesis trajectory,4.260481591,1.599221753,1.202821118
610,906,1801,EdU,Aged,5D6,Oligodendrocytes progenitor cells,-9.314756404,4.168335706,EdU_29,RNA,Oligodendrogenesis trajectory,4.985516869,2.313159512,1.596459133
2618,1088,2784,EdU,Aged,5D6,Oligodendrocytes progenitor cells,-9.320710193,4.12925914,EdU_33,RNA,Oligodendrogenesis trajectory,5.015132035,2.348697232,1.011408848
423,1895,5759,EdU,Aged,5D6,Oligodendrocytes progenitor cells,-9.384720813,1.516938597,EdU_31,RNA,Oligodendrogenesis trajectory,5.064501588,2.238439368,1.335243923
146,1208,2740,EdU,Aged,5D6,Oligodendrocytes progenitor cells,-9.917310725,0.737314612,EdU_31,RNA,Oligodendrogenesis trajectory,5.175074141,2.187637375,1.121441109
2509,1979,5219,EdU,Aged,5D6,Oligodendrocytes progenitor cells,-10.45027925,-1.666899055,EdU_33,RNA,Oligodendrogenesis trajectory,5.250937147,2.087301539,1.288264615
2668,1127,2539,EdU,Aged,5D6,Oligodendrocytes progenitor cells,-9.513367663,2.329655678,EdU_33,RNA,Oligodendrogenesis trajectory,5.401104126,1.907735632,1.424169523
2547,1453,3472,EdU,Aged,5D6,Oligodendrocytes progenitor cells,-10.49885846,-1.211856097,EdU_33,RNA,Oligodendrogenesis trajectory,5.464227923,1.833519982,1.508814914
2336,1376,3647,EdU,Aged,5D6,Oligodendrocytes progenitor cells,-9.304698955,4.1052306,EdU_33,RNA,Oligodendrogenesis trajectory,7.226253848,1.727757977,2.43925534
