,PseudoTime
s560,0
s2421,0
s2594,0
s2613,0
s2630,6.36E-06
s2290,2.48E-05
s2206,2.50E-05
s2202,2.52E-05
s1107,2.78E-05
s664,2.84E-05
s51,3.18E-05
s362,0.000339036
s499,0.000339672
s2263,0.000342427
s2466,0.000343063
s157,0.001504081
s377,0.003202823
s2260,0.003335567
s947,0.003371196
s2507,0.003932412
s194,0.004798056
s847,0.004800599
s2380,0.004808228
s2531,0.004808652
s2653,0.005003129
s318,0.005526621
s644,0.005849742
s1158,0.006574318
s2334,0.006577708
s2392,0.00657792
s2436,0.006578344
s2616,0.006579192
s2657,0.006579404
s2671,0.006579616
s2181,0.006945501
s2224,0.006945713
s2362,0.006946348
s2478,0.006947196
s2608,0.00694762
s2325,0.008368559
s525,0.008600449
s537,0.009101584
s342,0.011822676
s2308,0.011823947
s2415,0.011824159
s2295,0.012588054
s2283,0.012588266
s538,0.012590598
s931,0.01446193
s725,0.014610069
s834,0.01472252
s2609,0.015021471
s687,0.015272684
s2276,0.015276498
s2332,0.01527671
s2556,0.015277134
s305,0.015318285
s751,0.015847453
s2201,0.015848513
s2515,0.015849573
s2580,0.015849785
s2600,0.015850209
s11954,0.015850421
s1060,0.016053727
s447,0.016585444
s651,0.020430268
s562,0.021870137
s2291,0.0272369
s79,0.029618081
s2318,0.030717286
s2603,0.033292919
s2264,0.034991887
s817,0.0356744
s827,0.037429574
s682,0.03856238
s2495,0.038563228
s2258,0.03990277
s2226,0.041777465
s2669,0.042545616
s2572,0.04254604
s2569,0.042546252
s2440,0.042546676
s2278,0.042547312
s2231,0.042547524
s2208,0.042547736
s2182,0.042547948
s1085,0.042554305
s385,0.042555789
s382,0.042556001
s2381,0.045456703
s1058,0.045983019
s2534,0.046685657
s2179,0.047191469
s169,0.048959367
s2192,0.050189034
s2458,0.051103899
s533,0.052226159
s81,0.053207869
s698,0.054933857
s996,0.056643351
s226,0.05670231
s2273,0.057391255
s2230,0.060999573
s2451,0.062768498
s1001,0.063151718
s1028,0.06315193
s2294,0.06315299
s2296,0.063153202
s1089,0.063223312
s476,0.064154595
s722,0.064579095
s2566,0.06518207
s2326,0.065353769
s1003,0.065490914
s738,0.066792493
s220,0.069277283
s2621,0.070626564
s1145,0.072516744
s2545,0.073847429
s2180,0.074272186
s719,0.077066459
s2305,0.080857729
s759,0.083778487
s1084,0.089108566
s1033,0.089399493
s2219,0.089875555
s573,0.097506629
s453,0.098469515
s11925,0.099040165
s2444,0.102111695
s2289,0.111982373
s614,0.111985548
s2570,0.113051905
s2271,0.114404095
s2510,0.11558648
s957,0.116661736
s750,0.116676766
s2195,0.118462364
s467,0.11858635
s2487,0.129878799
s2345,0.129879222
s2254,0.129879434
s91,0.131003456
s122,0.131615978
s2243,0.135920736
s2423,0.142917532
s2172,0.146636578
s310,0.149865541
s13959,0.150226415
s2175,0.155799997
s450,0.163088111
s2530,0.169603948
s710,0.171884993
s1122,0.174731694
s367,0.186540693
s1151,0.191823524
s2463,0.191961627
s2234,0.192933412
s2293,0.196403639
s656,0.202994079
s2194,0.216841008
s11940,0.222187821
s2238,0.225357314
s2342,0.225981043
s833,0.235975225
s566,0.239417752
s327,0.247217991
s70,0.249924902
s2262,0.252382237
s313,0.257498341
s481,0.258459541
s2597,0.270218555
s1017,0.272587565
s2673,0.284543341
s590,0.33044644
s1201,0.348399082
s2228,0.352656602
s417,0.354796626
s1048,0.370261734
s553,0.37191882
s1078,0.371933616
s714,0.386394677
s492,0.421729732
s2489,0.511783045
s505,0.514214462
s63,0.547943893
s440,0.547944317
s2536,0.594553709
s2337,0.60118304
s2261,0.604081355
s2485,0.607215413
s2682,0.617980693
s677,0.619051614
s2386,0.620037332
s2354,0.622288556
s2633,0.703787774
s441,0.725228687
s777,0.730974686
s802,0.730974898
s2475,0.730979137
s11950,0.73097956
s903,0.733565125
s2512,0.733566396
s2526,0.733566608
s2241,0.74504453
s1059,0.74938898
s2312,0.752495488
s2368,0.752495912
s2472,0.752496336
s2269,0.768423154
s2270,0.801656
s253,0.806003927
s2253,0.861891875
s2414,0.867851975
s2272,0.879405992
s2300,0.881579366
s2464,0.881579578
s2398,0.921658411
s586,0.945031016
s2311,0.953521736
s965,0.953772207
s2189,0.968619886
s2257,1.019639475
s2217,1.029931404
s879,1.035428848
s456,1.047248757
s2527,1.070103443
s2524,1.070907714
s2315,1.07620294
s2459,1.085020566
s2329,1.112097452
s47,1.115420486
s789,1.115697115
s2211,1.117368217
s2183,1.12124727
s2297,1.124234038
s2523,1.124989932
s2574,1.124990144
s883,1.126338642
s410,1.129274251
s2647,1.129378976
s2382,1.139112085
s2617,1.141644931
s962,1.174315881
s366,1.180345365
s2216,1.181100014
s2465,1.196115915
s2394,1.207589644
s2516,1.21189876
s427,1.213442384
s2427,1.214998538
s11920,1.221852262
s11911,1.22471794
s2252,1.227063958
s502,1.22801643
s2625,1.22910172
s952,1.23265129
s2229,1.235681482
s2470,1.236126258
s658,1.243171575
s376,1.243526966
s2445,1.246593381
s929,1.248288242
s2280,1.250834467
s2359,1.252945424
s2557,1.263873855
s2198,1.274884488
s2292,1.313507953
s2330,1.345418138
s2188,1.345492834
s2371,1.3565801
s2420,1.362969704
s2266,1.372200181
s2491,1.380812104
s2457,1.386819885
s2434,1.39515108
s2327,1.403340613
s216,1.421162581
s2240,1.421163216
s2602,1.440773641
s2520,1.444822846
s2203,1.447719605
s2619,1.46108722
s2658,1.472644163
s2418,1.484273942
s2212,1.491979426
s2652,1.52611859
s2522,1.527083958
s340,1.539767508
s156,1.548621466
s2214,1.55726944
s696,1.60502805
s2640,1.609507087
s2449,1.635826964
s457,1.640206759
s2632,1.646369907
s2411,1.733940805
s951,1.770554764
s2358,1.810847062
s2235,1.829669689
s2519,1.831207347
s2493,1.834055433
s2373,1.841190405
s2598,1.862760819
s2399,1.93010939
s796,1.941036884
s867,2.015381078
s1171,2.028284171
s2288,2.028285442
s2304,2.028285654
s2313,2.028285866
s2174,2.039294678
s2383,2.167205545
s2356,2.188461876
s895,2.196149601
s2190,2.196150237
s2538,2.196150449
s2655,2.196150873
s2447,2.212308715
s2388,2.214719081
s2384,2.219799269
s2432,2.221335649
s288,2.226528608
s224,2.266145085
s2196,2.272608871
s1101,2.279130267
s2213,2.280817543
s2678,2.306613678
s2205,2.335302848
s2428,2.339875143
s2549,2.346366594
s2502,2.349051952
s1150,2.365594691
s2397,2.374533524
s2548,2.379677277
s607,2.43421443
s2483,2.434889021
s182,2.437909563
s2537,2.441135435
s2237,2.62122753
s2220,2.664790662
s2314,2.675457078
s940,2.67893734
s2438,2.679662012
s2542,2.679662224
s2646,2.679662436
s2662,2.679662648
s2674,2.67966286
s2627,2.682751486
s2677,2.684184786
s2641,2.693969978
s2331,2.694712848
s252,2.702782322
s2504,2.705048929
s208,2.707401736
s2429,2.720783784
s928,2.729801397
s577,2.751459498
s818,2.770515165
s2322,2.770904817
s2306,2.772007415
s2659,2.775005328
s2666,2.78150197
s2559,2.783671759
s793,2.785512694
s11906,2.796144034
s2539,2.859359052
s731,2.86857445
s2391,2.891471123
s14031,2.898004389
s945,2.899188758
s152,2.926211578
s135,2.93433363
s11963,2.972083556
s2310,2.975911326
s567,3.008694806
s516,3.015448629
s280,3.076805803
s2592,3.317284123
s2187,3.323766438
s54,3.325240716
s2591,3.326151162
s228,3.327028869
s2410,3.328935478
s140,3.328993293
s13943,3.331943662
s2320,3.398256992
s11937,3.874319269
s2654,4.112874168
s2239,4.148291254
s2622,4.260481591
s610,4.985516869
s2618,5.015132035
s423,5.064501588
s146,5.175074141
s2509,5.250937147
s2668,5.401104126
s2547,5.464227923
s2336,7.226253848
