Gene,index
SPI1,0
FLI1,1
ELF4,2
DLX1,3
ARX,4
ELF1,5
DLX2,6
KLF6,7
PAX6,8
TFE3,9
DLX6,10
FOXN2,11
ESR1,12
ETV6,13
POU2F1,14
NR3C1,15
TFEB,16
DNAJC21,17
MAFB,18
POU3F2,19
POU3F4,20
MEF2A,21
KLF3,22
NFKB2,23
STAT2,24
MITF,25
MAF,26
NEUROD2,27
KLF2,28
HEY2,29
NEUROD1,30
DLX5,31
NR1H2,32
NR1H4,33
ETS1,34
NFIB,35
ELK3,36
ZFX,37
E2F5,38
RUNX1,39
POU6F1,40
MEF2C,41
RARG,42
ETV3,43
CEBPB,44
ELF2,45
GLIS2,46
ESRRA,47
IRF1,48
SOX2,49
HMBOX1,50
KLF8,51
HSF2,52
ZFP148,53
OLIG2,54
GLIS3,55
SCRT1,56
SMARCC1,57
NR2F1,58
SMARCC2,59
ZFP384,60
ETV4,61
PAX3,62
BCL11B,63
SCRT2,64
KLF12,65
MYT1L,66
TCF4,67
CUX1,68
RBPJ,69
SNTG1,70
PPP1R42,71
CPA6,72
PREX2,73
A830018L16RIK,74
LACTB2,75
KCNB2,76
SBSPON,77
RPL7,78
JPH1,79
CRISPLD1,80
MCM3,81
PAQR8,82
RIMS1,83
B3GAT2,84
COL9A1,85
BEND6,86
CCDC115,87
ARHGEF4,88
NEURL3,89
CNNM4,90
SEMA4C,91
ZAP70,92
TMEM131,93
MGAT4A,94
CRACDL,95
LIPT1,96
PDCL3,97
NPAS2,98
CNOT11,99
RFX8,100
IL1RL2,101
IL18R1,102
IL18RAP,103
SLC9A2,104
AI597479,105
ECRG4,106
GM8251,107
GULP1,108
COL3A1,109
SLC39A10,110
TMEFF2,111
CAVIN2,112
NABP1,113
STAT4,114
ORMDL1,115
STK17B,116
HECW2,117
MOB4,118
BOLL,119
PLCL1,120
SGO2A,121
PPIL3,122
NDUFB3,123
FLACC1,124
TRAK2,125
STRADB,126
MPP4,127
FZD7,128
GM973,129
ICA1L,130
NBEAL1,131
CTLA4,132
ICOS,133
NDUFS1,134
EEF1B2,135
FZD5,136
CPS1,137
ERBB4,138
VWC2L,139
BARD1,140
FN1,141
MREG,142
MARCHF4,143
ANKAR,144
RPL37A,145
IGFBP2,146
CXCR2,147
PLCD4,148
ZFP142,149
WNT6,150
ZFAND2B,151
STK16,152
ASIC4,153
INHA,154
STK11IP,155
SLC4A3,156
EPHA4,157
ACSL3,158
SCG2,159
AP1S3,160
WDFY1,161
MRPL44,162
DOCK10,163
IRS1,164
MFF,165
SPHKAP,166
C130026I21RIK,167
G530012D18RIK,168
SP100,169
2810459M11RIK,170
EFHD1,171
NGEF,172
NEU2,173
INPP5D,174
SAG,175
MROH2A,176
GLRP1,177
IQCA,178
ACKR3,179
COPS8,180
COL6A3,181
MLPH,182
ASB1,183
COPS9,184
GPC1,185
GPR35,186
SNED1,187
PASK,188
ATG4B,189
ST8SIA4,190
SLCO4C1,191
PIGN,192
TNFRSF11A,193
PHLPP1,194
BCL2,195
SERPINB3B,196
SERPINB8,197
CDH7,198
TSN,199
GLI2,200
TMEM185B,201
SCTR,202
TMEM37,203
STEAP3,204
CCDC93,205
ACTR3,206
ACMSD,207
MAP3K19,208
YOD1,209
FCMR,210
DYRK3,211
IKBKE,212
SRGAP2,213
CTSE,214
RAB7B,215
MFSD4A,216
LEMD1,217
TMCC2,218
CNTN2,219
NFASC,220
PIK3C2B,221
LAX1,222
ATP2B4,223
PRELP,224
BTG2,225
KLHL12,226
RABIF,227
SYT2,228
GPR37L1,229
RNPEP,230
LMOD1,231
PHLDA3,232
MROH3,233
CAMSAP2,234
KIF14,235
PTPRC,236
NEK7,237
LHX9,238
CRB1,239
CFHR4,240
CFH,241
GLRX2,242
RGS1,243
RGS18,244
PLA2G4A,245
PRG4,246
HMCN1,247
IVNS1ABP,248
NIBAN1,249
EDEM3,250
ARPC5,251
NCF2,252
SHCBP1L,253
NPL,254
RGS16,255
MR1,256
LHX4,257
TDRD5,258
CRYZL2,259
SEC16B,260
ASTN1,261
4930523C07RIK,262
MRPS14,263
CACYBP,264
SERPINC1,265
PRDX6,266
SUCO,267
4930558K02RIK,268
MYOCOS,269
FMO1,270
METTL11B,271
SELL,272
DCAF6,273
MPZL1,274
CD247,275
DUSP27,276
ILDR2,277
FAM78B,278
RGS5,279
CCDC190,280
HSD17B7,281
DDR2,282
SH2D1B1,283
FCRLA,284
FCGR4,285
FCGR3,286
SDHC,287
PCP4L1,288
ADAMTS4,289
PPOX,290
USP21,291
UFC1,292
NECTIN4,293
F11R,294
CD244A,295
LY9,296
SLAMF7,297
SLAMF1,298
SLAMF6,299
CRP,300
CADM3,301
IFI206,302
IFI213,303
IFI209,304
MNDAL,305
IFI211,306
IFI203,307
SPTA1,308
WDR64,309
EXO1,310
PLD5,311
ADSS,312
CNST,313
SCCPDH,314
CDC42BPA,315
EPHX1,316
WDR26,317
CNIH3,318
DNAH14,319
SRP9,320
DEGS1,321
SUSD4,322
TLR5,323
HLX,324
LYPLAL1,325
SPATA17,326
KCTD3,327
KCNK2,328
CENPF,329
TATDN3,330
BATF3,331
LPGAT1,332
NEK2,333
SLC30A1,334
TRAF5,335
KCNH1,336
LAMB3,337
HSD11B1,338
RPP38,339
GM45902,340
FRMD4A,341
MCM10,342
CCDC3,343
SEC61A2,344
PROSER2,345
CELF2,346
GATA3,347
ITIH5,348
IL2RA,349
PTER,350
ST8SIA6,351
MRC1,352
SLC39A12,353
PLXDC2,354
SPAG6,355
OTUD1,356
ENKUR,357
GPR158,358
GAD2,359
HNMT,360
PSD4,361
ARRDC1,362
DPH7,363
PNPLA7,364
NRARP,365
RNF208,366
NDOR1-1,367
SAPCD2,368
ENTPD2,369
PAXX,370
EDF1,371
AJM1,372
TMEM141,373
KCNT1,374
UBAC1,375
CCDC187,376
GM20532,377
DIPK1B,378
REXO4,379
FAM163B,380
SARDH,381
COL5A1,382
PPP1R26,383
DDX31,384
NTNG2,385
DYNC2I2,386
TBC1D13,387
SPOUT1,388
PHYHD1,389
SH3GLB2,390
PTPA,391
IER5L,392
TOR1A,393
BC005624,394
FNBP1,395
HMCN2,396
LAMC3,397
AIF1L,398
FAM78A,399
CIZ1,400
1110008P14RIK,401
SLC25A25,402
DPM2,403
ENG,404
SH2D3C,405
6330409D20RIK,406
TTC16,407
GAPVD1,408
RABEPK,409
PHF19,410
TRAF1,411
STOM,412
TTLL11,413
PTGS1,414
ZBTB6,415
LHX2,416
NEK6,417
OLFML2A,418
KYNU,419
ARHGAP15,420
RBM43,421
NMI,422
TNFAIP6,423
GALNT13,424
GALNT5,425
ERMN,426
CYTIP,427
UPP2,428
GM11099,429
WDSUB1,430
CD302,431
PLA2R1,432
RBMS1,433
SLC4A10,434
DPP4,435
FAP,436
GRB14,437
SLC38A11,438
SCN2A,439
SCN7A,440
CERS6,441
NOSTRIN,442
DHRS9,443
CCDC173,444
PHOSPHO2,445
TLK1,446
CYBRD1,447
ITGA6,448
PDK1,449
MAP3K20,450
OLA1,451
SP9,452
TTN,453
CCDC141,454
ITGA4,455
CERKL,456
FRZB,457
FAM171B,458
CALCRL,459
SELENOH,460
MED19,461
YPEL4,462
SLC43A1,463
SLC43A3,464
LRRC55,465
OLFR1062,466
C1QTNF4,467
PTPMT1,468
PACSIN3,469
MDK,470
CREB3L1,471
CRY2,472
SLC35C1,473
CD82,474
ALX4,475
LRRC4C,476
PRR5L,477
SLC1A2,478
CD44,479
CAT,480
ABTB2,481
CD59B,482
DEPDC7,483
MPPED2,484
KCNA4,485
BDNF,486
LGR4,487
LPCAT4,488
EMC4,489
KATNBL1,490
ZFP770,491
PAK6,492
INAFM2,493
IVD,494
CHST14,495
SPINT1,496
OIP5,497
NUSAP1,498
LTK,499
CAPN3,500
LRRC57,501
CCNDBP1,502
EPB42,503
TGM5,504
SERINC4,505
SERF2,506
FRMD5,507
GOLM2,508
PATL2,509
TERB2,510
SORD,511
SHF,512
GATM,513
SHC4,514
FGF7,515
USP8,516
1810024B03RIK,517
KCNIP3,518
ZFP661,519
MAL,520
BUB1,521
MERTK,522
FBLN7,523
VINAC1,524
IL1A,525
IL1B,526
F830045P16RIK,527
SIRPA,528
TMC2,529
DDRGK1,530
HSPA12B,531
1700037H04RIK,532
CDC25B,533
PRNP,534
SLC23A2,535
GPCPD1,536
CRLS1,537
BMP2,538
LAMP5,539
SLX4IP,540
SPTLC3,541
ISM1,542
NDUFAF5,543
SEL1L2,544
SNRPB2,545
SNX5,546
OVOL2,547
SEC23B,548
SMIM26,549
CFAP61,550
INSM1,551
NKX2-2,552
THBD,553
CD93,554
CST7,555
ABHD12,556
GINS1,557
NANP,558
PSMF1,559
RBCK1,560
NRSN2,561
ZCCHC3,562
ID1,563
TPX2,564
TTLL9,565
CCM2L,566
NOL4L,567
DNMT3C,568
BPIFB1,569
NECAB3,570
ZFP341,571
AHCY,572
MAP1LC3A,573
TRP53INP2,574
GGT7,575
MYH7B,576
EDEM2,577
MMP24,578
BC029722,579
ROMO1,580
MYL9,581
RAB5IF,582
NDRG3,583
DSN1,584
SAMHD1,585
PPP1R16B,586
GM826,587
SGK2,588
JPH2,589
ADA,590
RIMS4,591
STK4,592
SLPI,593
MATN4,594
SYS1,595
DBNDD2,596
UBE2C,597
SNX21,598
ACOT8,599
PLTP,600
ZFP335,601
MMP9,602
CD40,603
SLC13A3,604
EYA2,605
KCNB1,606
PTGIS,607
B4GALT5,608
UBE2V1,609
NFATC2,610
BCAS1,611
CYP24A1,612
FAM210B,613
AURKA,614
GCNT7,615
BMP7,616
RBM38,617
PMEPA1,618
CTSZ,619
ZFP831,620
EDN3,621
GM14412,622
ZFP971,623
ZFP931,624
TAF4,625
SS18L1,626
NTSR1,627
GID8,628
HELZ2,629
ZGPAT,630
TPD52L2,631
TCEA2,632
PCMTD2,633
IL7,634
HEY1,635
ZFP704,636
PAG1,637
RALYL,638
CAR13,639
CAR1,640
CAR2,641
GM9733,642
SIRPB1A,643
SIRPB1B,644
SIRPB1C,645
GM5150,646
BHLHE22,647
CP,648
AGTR1B,649
TNFSF10,650
RPL22L1,651
EGFEM1,652
MECOM,653
CLDN11,654
GNB4,655
ACTL6A,656
PEX5L,657
DCUN1D1,658
EXOSC9,659
TRPC3,660
CETN4,661
NUDT6,662
SPRY1,663
INTU,664
JADE1,665
PCDH18,666
SLC7A11,667
MGST2,668
FREM2,669
SPG20,670
ANKUB1,671
SIAH2,672
CLRN1,673
P2RY14,674
P2RY13,675
P2RY12,676
B430305J03RIK,677
PLCH1,678
VMN2R3,679
VEPH1,680
LXN,681
IFT80,682
SMC4,683
TRIM59,684
WDR49,685
FSTL5,686
PPID,687
GASK1B,688
RBM46,689
DCHS2,690
TMEM131L,691
MND1,692
FHDC1,693
TMEM154,694
GLT28D2,695
LRBA,696
KIRREL,697
FCRLS,698
PEAR1,699
SH2D2A,700
HAPLN2,701
LMNA,702
SYT11,703
RUSC1,704
PKLR,705
FAM189B,706
KRTCAP2,707
PYGO2,708
CHRNB2,709
SHE,710
RAB13,711
SLC39A1,712
NPR1,713
S100A13,714
S100A4,715
S100A11,716
S100A10,717
THEM4,718
OAZ3,719
RIIAD1,720
TUFT1,721
PSMB4,722
SELENBP1,723
SCNM1,724
GM128,725
CERS2,726
CTSK,727
CTSS,728
GOLPH3L,729
MCL1,730
ECM1,731
ANP32E,732
PLEKHO1,733
OTUD7B,734
SF3B4,735
BC107364,736
GM16253,737
POLR3GL,738
ITGA10,739
ACP6,740
PDE4DIP,741
NOTCH2,742
HMGCS2,743
TBX15,744
TENT5C,745
TTF2,746
CD101,747
CD2,748
IGSF3,749
MAB21L3,750
CASQ2,751
VANGL1,752
TSPAN2,753
DENND2C,754
SYT6,755
OLFML3,756
HIPK1,757
BCL2L15,758
PTPN22,759
MOV10,760
CTTNBP2NL,761
I830077J02RIK,762
CHIL3,763
DENND2D,764
KCNC4,765
AHCYL1,766
GSTM7,767
GSTM1,768
AMPD2,769
PSRC1,770
ELAPOR1,771
TMEM167B,772
GPSM2,773
AKNAD1,774
FAM102B,775
SLC25A24,776
VAV3,777
PRMT6,778
OLFM3,779
S1PR1,780
SASS6,781
GM43191,782
AGL,783
PLPPR4,784
DPYD,785
RWDD3,786
ARHGAP29,787
ABCA4,788
GCLM,789
PDE5A,790
USP53,791
SEC24D,792
NDST3,793
NDST4,794
ARSJ,795
LARP7,796
ZGRF1,797
CFI,798
COL25A1,799
ETNPPL,800
LEF1,801
CENPE,802
SLC9B2,803
SLC9B1,804
SLC39A8,805
BANK1,806
EMCN,807
DDIT4L,808
LAMTOR3,809
ADH6A,810
GBP5,811
GBP7,812
GBP3,813
GBP2,814
KYAT3,815
PKN2,816
HS2ST1,817
CLCA3A1,818
COL24A1,819
CCN1,820
SYDE2,821
MCOLN2,822
LPAR3,823
SAMD13,824
TTLL7,825
ADGRL4,826
GIPC2,827
DNAJB4,828
ST6GALNAC3,829
FPGT,830
PTGER3,831
CTH,832
RPS20,833
PENK,834
ASPH,835
GDF6,836
2610301B20RIK,837
TRP53INP1,838
RAD54B,839
FSBP,840
TRIQK,841
SLC26A7,842
LRRC69,843
NECAB1,844
DECR1,845
OSGIN2,846
MMP16,847
CNBD1,848
ATP6V0D2,849
FBXL4,850
MAP3K7,851
CASP8AP2,852
GABRR2,853
GABRR1,854
CNR1,855
C9ORF72,856
DDX58,857
DCAF12,858
UBAP1,859
NUDT2,860
MYORG,861
1110017D15RIK,862
ENHO,863
CNTFR,864
IL11RA1,865
CCL27A,866
FAM205C,867
PHF24,868
FAM214B,869
TESK1,870
CCDC107,871
ARHGEF39,872
TPM2,873
TLN1,874
RGP1,875
HINT2,876
SPAAR,877
MELK,878
PAX5,879
GRHPR,880
POLR1E,881
FBXO10,882
FRMPD1,883
TRMT10B,884
EXOSC3,885
SLC25A51,886
ALDH1B1,887
TMOD1,888
TSTD2,889
TRMO,890
HEMGN,891
ANP32B,892
COL15A1,893
TGFBR1,894
SEC61B,895
NR4A3,896
CAVIN4,897
MRPL50,898
GRIN3A,899
PPP3R2,900
CYLC2,901
SLC44A1,902
CTNNAL1,903
EPB41L4B,904
PTPN3,905
PAKAP,906
PAKAP-2,907
SHOC1,908
E130308A19RIK,909
INIP,910
WDR31,911
POLE3,912
ZFP618,913
COL27A1,914
WHRN,915
TNFSF8,916
TNC,917
TRIM32,918
FRMD3,919
PTPRD,920
BNC2,921
SAXO1,922
ACER2,923
SLC24A2,924
KLHL9,925
ELAVL2,926
TEK,927
JUN,928
CYP2J12,929
PATJ,930
KANK4,931
LEPR,932
PDE4B,933
DNAI4,934
MIER1,935
OMA1,936
DAB1,937
FYB2,938
PLPP3,939
USP24,940
DHCR24,941
PARS2,942
MROH7,943
ACOT11,944
CYB5RL,945
LRRC42,946
ECHDC2,947
GPX7,948
CDKN2C,949
SPATA6,950
SKINT3,951
SKINT11,952
TRABD2B,953
STIL,954
TAL1,955
MKNK1,956
NSUN4,957
RAD54L,958
PIK3R3,959
CCDC17,960
NASP,961
MMACHC,962
TOE1,963
UROD,964
PTCH2,965
BTBD19,966
PLK3,967
TMEM53,968
RNF220,969
SLC6A9,970
B4GALT2,971
ST3GAL3,972
PTPRF,973
ELOVL1,974
CDC20,975
ERMAP,976
SVBP,977
TMEM269,978
P3H1,979
PPCS,980
FOXO6,981
CTPS,982
RIMS3,983
ZFP69,984
SMAP2,985
COL9A2,986
TRIT1,987
HEYL,988
PABPC4,989
MYCBP,990
POU3F1,991
FHL3,992
YRDC,993
MANEAL,994
ZC3H12A,995
GRIK3,996
OSCP1,997
COL8A2,998
AGO3,999
CLSPN,1000
TRIM62,1001
C77080,1002
BSDC1,1003
LCK,1004
DCDC2B,1005
KPNA6,1006
PEF1,1007
ZCCHC17,1008
NKAIN1,1009
SDC3,1010
EPB41,1011
TAF12,1012
RCC1,1013
ATPIF1,1014
SMPDL3B,1015
THEMIS2,1016
PPP1R8,1017
FGR,1018
AHDC1,1019
NUDC,1020
GPN2,1021
DHDDS,1022
CD52,1023
UBXN11,1024
PAFAH2,1025
MTFR1L,1026
RHD,1027
RSRP1,1028
SYF2,1029
IFNLR1,1030
PNRC2,1031
CNR2,1032
GALE,1033
RPL11,1034
E2F2,1035
C1QB,1036
C1QC,1037
C1QA,1038
WNT4,1039
HSPG2,1040
ALPL,1041
KIF17,1042
DDOST,1043
CDA,1044
IFFO2,1045
GM21969,1046
PADI4,1047
NECAP2,1048
FBXO42,1049
ARHGEF19,1050
EPHA2,1051
FBLIM1,1052
SLC25A34,1053
RSC1A1,1054
AGMAT,1055
TMEM51,1056
KAZN,1057
PRAMEL13,1058
DHRS3,1059
TNFRSF1B,1060
ZFP992,1061
MFN2,1062
MAD2L2,1063
PGD,1064
SLC2A5,1065
SLC45A1,1066
TNFRSF9,1067
PER3,1068
VAMP3,1069
PHF13,1070
NOL9,1071
RPL22,1072
AJAP1,1073
DFFB,1074
SMIM1,1075
WRAP73,1076
MEGF6,1077
PRDM16,1078
MMEL1,1079
PRXL2B,1080
HES5,1081
RER1,1082
GABRD,1083
NADK,1084
SLC35E2,1085
VWA1,1086
MXRA8,1087
CPTP,1088
SAMD11,1089
LRRD1,1090
ZFP804B,1091
STEAP4,1092
ABCB1A,1093
ABCB1B,1094
ABCB4,1095
CROT,1096
ELAPOR2,1097
PCLO,1098
SEMA3C,1099
CD36,1100
MAGI2,1101
TMEM60,1102
CCDC146,1103
FGL2,1104
ARMC10,1105
NAPEPLD,1106
DNAJC2,1107
RELN,1108
LHFPL3,1109
FAM126A,1110
NOS3,1111
CDK5,1112
TMUB1,1113
PRKAG2,1114
GALNTL5,1115
XRCC2,1116
SPEER4A,1117
INSIG1,1118
CNPY1,1119
RNF32,1120
GAREM2,1121
KCNK3,1122
CENPA,1123
DPYSL5,1124
CGREF1,1125
SLC30A3,1126
SNX17,1127
ZFP513,1128
GPN1,1129
FOSL2,1130
PPP1CB,1131
YWHAH,1132
SLBP,1133
TMEM129,1134
FGFR3,1135
POLN,1136
ZFYVE28,1137
RGS12,1138
LRPAP1,1139
ACOX3,1140
HTRA3,1141
SH3TC1,1142
GRPEL1,1143
BLOC1S4,1144
JAKMIP1,1145
GM1043,1146
ZBTB49,1147
CLNK,1148
C1QTNF7,1149
FBXL5,1150
BST1,1151
PROM1,1152
QDPR,1153
LAP3,1154
NCAPG,1155
LCORL,1156
KCNIP4,1157
LGI2,1158
PI4K2B,1159
ZCCHC4,1160
PCDH7,1161
0610040J01RIK,1162
PGM2,1163
TBC1D1,1164
TLR1,1165
TMEM156,1166
LIAS,1167
TMEM33,1168
SHISA3,1169
KCTD8,1170
GABRG1,1171
COX7B2,1172
GABRA4,1173
GABRB1,1174
TXK,1175
GM10135,1176
OCIAD1,1177
OCIAD2,1178
SGCB,1179
RASL11B,1180
LNX1,1181
PDGFRA,1182
KDR,1183
SRD5A3,1184
IGFBP7,1185
EPHA5,1186
STAP1,1187
TMPRSS11D,1188
SLC4A4,1189
GC,1190
ADAMTS3,1191
RASSF6,1192
BTC,1193
PARM1,1194
NAAA,1195
ART3,1196
SEPTIN11,1197
FRAS1,1198
ANXA3,1199
ANTXR2,1200
PRDM8,1201
FGF5,1202
CFAP299,1203
PRKG2,1204
PLAC8,1205
HPSE,1206
GPAT3,1207
ARHGAP24,1208
HSD17B13,1209
SPARCL1,1210
SPP1,1211
ZFP951,1212
GBP8,1213
GBP9,1214
TGFBR3,1215
EPHX4,1216
BTBD8,1217
RPAP2,1218
EVI5,1219
DR1,1220
PIGG,1221
ATP5K,1222
MFSD7A,1223
IDUA,1224
4930522L14RIK,1225
GM15446,1226
GM35315,1227
ZFP605,1228
POLE,1229
GALNT9,1230
HSCB,1231
CRYBB1,1232
HPS4,1233
MYO18B,1234
2900026A02RIK,1235
WSCD2,1236
CMKLR1,1237
FICD,1238
TMEM119,1239
SELPLG,1240
USP30,1241
KCTD10,1242
MMAB,1243
TRPV4,1244
2210016L21RIK,1245
HNF1A,1246
POP5,1247
RNF10,1248
GATC,1249
CIT,1250
PRKAB1,1251
VSIG10,1252
RFC5,1253
TBX3,1254
RBM19,1255
SLC8B1,1256
IQCD,1257
RASAL1,1258
OAS2,1259
OAS3,1260
OAS1C,1261
OAS1A,1262
RPH3A,1263
RPL6,1264
HECTD4,1265
TMEM116,1266
ACAD12,1267
PHETA1,1268
HVCN1,1269
RAD9B,1270
GPN3,1271
P2RX7,1272
TMEM120B,1273
KNTC1,1274
CCDC62,1275
ABCB9,1276
ARL6IP4,1277
KMT5A,1278
SNRNP35,1279
DDX55,1280
EIF2B1,1281
GTF2H3,1282
TCTN2,1283
DNAH10,1284
BRI3BP,1285
TMEM132C,1286
ADGRD1,1287
MMP17,1288
ZFP11,1289
MRPS17,1290
PHKG1,1291
VKORC1L1,1292
TMEM248,1293
SBDS,1294
CALN1,1295
GALNT17,1296
ELN,1297
METTL27,1298
MLXIPL,1299
FZD9,1300
FKBP6,1301
NSUN5,1302
RASA4,1303
POLR2J,1304
LRWD1,1305
ALKBH4,1306
PRKRIP1,1307
SH2B2,1308
COL26A1,1309
SERPINE1,1310
TRIM56,1311
ACHE,1312
UFSP1,1313
EPHB4,1314
ZAN,1315
GNB2,1316
TFR2,1317
AGFG2,1318
NYAP1,1319
PILRA,1320
PILRB1,1321
PILRB2,1322
MAP11,1323
GAL3ST4,1324
MICALL2,1325
INTS1,1326
MAFK,1327
NUDT1,1328
MRM2,1329
LFNG,1330
CARD11,1331
WIPI2,1332
SLC29A4,1333
ACTB,1334
RNF216,1335
E130309D02RIK,1336
DAGLB,1337
EIF2AK1,1338
CCZ1,1339
BRI3,1340
TMEM130,1341
PDAP1,1342
BUD31,1343
WASF3,1344
USP12,1345
FLT1,1346
MTUS2,1347
GM42791,1348
KL,1349
VMN2R18,1350
SAMD9L,1351
HEPACAM2,1352
CALCR,1353
COL1A2,1354
PEG10,1355
PON1,1356
PON3,1357
PDK4,1358
DYNC1I1,1359
SLC25A13,1360
SEM1,1361
ASNS,1362
COL28A1,1363
GM45062,1364
NXPH1,1365
TMEM106B,1366
GPR85,1367
2610001J05RIK,1368
MET,1369
CTTNBP2,1370
ANKRD7,1371
KCND2,1372
CPED1,1373
AASS,1374
CADPS2,1375
SLC13A1,1376
IQUB,1377
NDUFA5,1378
GPR37,1379
GRM8,1380
IMPDH1,1381
KCP,1382
TSPAN33,1383
STRIP2,1384
UBE2H,1385
SSMEM1,1386
TSGA13,1387
LRGUK,1388
AKR1B3,1389
AKR1B10,1390
CALD1,1391
1810058I24RIK,1392
SLC13A4,1393
CHRM2,1394
SVOPL,1395
D630045J12RIK,1396
HIPK2,1397
TBXAS1,1398
PARP12,1399
MKRN1,1400
NDUFB2,1401
MGAM,1402
KEL,1403
CASP2,1404
FAM131B,1405
ZFP786,1406
ATP6V0E2,1407
LRRC61,1408
REPIN1,1409
GM44965,1410
GIMAP4,1411
GIMAP6,1412
GIMAP1,1413
GIMAP3,1414
GPNMB,1415
CYCS,1416
4921507P07RIK,1417
NFE2L3,1418
HOXA3,1419
TAX1BP1,1420
CPVL,1421
PRR15,1422
SCRN1,1423
NOD1,1424
GGCT,1425
AQP1,1426
PDE1C,1427
LSM5,1428
KBTBD2,1429
FKBP9,1430
NT5C3,1431
HERC6,1432
LANCL2,1433
VOPP1,1434
NAP1L5,1435
SNCA,1436
CCSER1,1437
HPGDS,1438
MAD2L1,1439
GADD45A,1440
RPIA,1441
THNSL2,1442
CD8B1,1443
CD8A,1444
ST3GAL5,1445
ATOH8,1446
VAMP5,1447
GGCX,1448
SH2D6,1449
ELMOD3,1450
EVA1A,1451
TACR1,1452
HK2,1453
DOK1,1454
LOXL3,1455
PCGF1,1456
WBP1,1457
RTKN,1458
MOB1A,1459
STAMBP,1460
DYSF,1461
EXOC6B,1462
SPR,1463
SFXN5,1464
NAT8F6,1465
NAT8F1,1466
TPRKB,1467
FAM136A,1468
MXD1,1469
SNRNP27,1470
GMCL1,1471
PROKR1,1472
HMCES,1473
H1F10,1474
MCM2,1475
ALDH1L1,1476
HDAC11,1477
WNT7A,1478
CHCHD4,1479
SLC6A6,1480
FGD5,1481
MRPS25,1482
PRICKLE2,1483
LRIG1,1484
KBTBD8,1485
TAFA1,1486
TAFA4,1487
EOGT,1488
MDFIC2,1489
GPR27,1490
GXYLT2,1491
PDZRN3,1492
CNTN3,1493
CNTN4,1494
SETMAR,1495
GRM7,1496
CPNE9,1497
CAMK1,1498
IL17RE,1499
CRELD1,1500
PRRT3,1501
FANCD2,1502
IRAK2,1503
SLC6A11,1504
HRH1,1505
TIMP4,1506
MKRN2,1507
EFCAB12,1508
MARCHF8,1509
HNRNPF,1510
RET,1511
CACNA2D4,1512
ADIPOR2,1513
WNT5B,1514
WNK1,1515
NINJ2,1516
CCDC77,1517
TMEM121B,1518
SLC25A18,1519
BID,1520
SLC6A13,1521
SLC6A12,1522
A2M,1523
KLRG1,1524
MFAP5,1525
DPPA3,1526
C3AR1,1527
CLEC4A1,1528
CLEC4A2,1529
CLEC4D,1530
CLEC4E,1531
VMN2R19,1532
CD163,1533
CLSTN3,1534
C1RL,1535
EMG1,1536
GRCC10,1537
ATN1,1538
TPI1,1539
NOP2,1540
MRPL51,1541
TAPBPL,1542
CD27,1543
SCNN1A,1544
TNFRSF1A,1545
DYRK4,1546
CRACR2A,1547
TSPAN11,1548
TEAD4,1549
FOXM1,1550
GM44596,1551
KLRB1C,1552
GM44511,1553
KLRB1B,1554
CLEC2I,1555
CLEC2G,1556
CLEC2D,1557
CLEC9A,1558
OLR1,1559
KLRE1,1560
KLRD1,1561
KLRC2,1562
KLRI2,1563
KLRA17,1564
KLRA4,1565
KLRA8,1566
KLRA2,1567
SMIM10L1,1568
DUSP16,1569
CREBL2,1570
GPR19,1571
APOLD1,1572
GPRC5D,1573
EMP1,1574
GRIN2B,1575
E330021D16RIK,1576
PLBD1,1577
H2AJ,1578
MGP,1579
MGST1,1580
GM11077,1581
PDE3A,1582
SLCO1A4,1583
SLCO1A6,1584
ABCC9,1585
CMAS,1586
LMNTD1,1587
BHLHE41,1588
ITPR2,1589
TM7SF3,1590
TMTC1,1591
RESF1,1592
NLRP12,1593
CACNG8,1594
TARM1,1595
TMC4,1596
PIRB,1597
LILRA6,1598
LAIR1,1599
TTYH1,1600
CDC42EP5,1601
NCR1,1602
EPS8L1,1603
PPP1R12C,1604
ISOC2B,1605
NAT14,1606
U2AF2,1607
ZFP583,1608
VMN2R33,1609
VMN2R42,1610
ZFP110,1611
SULT2A4,1612
OBOX3,1613
EHD2,1614
SLC8A2,1615
DHX34,1616
C5AR2,1617
C5AR1,1618
BBC3,1619
TMEM160,1620
ARHGAP35,1621
SLC1A5,1622
STRN4,1623
DACT3,1624
PNMAL2,1625
PNMAL1,1626
HIF3A,1627
PSG16,1628
MILL2,1629
IRF2BP1,1630
DMPK,1631
MEIOSIN,1632
GIPR,1633
APOE,1634
CBLC,1635
BCL3,1636
PVR,1637
ZFP94,1638
KCNN4,1639
XRCC1,1640
CD79A,1641
RABAC1,1642
ZFP574,1643
DEDD2,1644
LIPE,1645
CXCL17,1646
CEACAM1,1647
TMEM91,1648
B9D2,1649
CCDC97,1650
RAB4B,1651
ITPKC,1652
BLVRB,1653
SERTAD1,1654
AKT2,1655
ZFP607A,1656
PSMC4,1657
FBL,1658
DYRK1B,1659
EID2B,1660
DLL3,1661
GMFG,1662
SARS2,1663
SIRT2,1664
ECH1,1665
CAPN12,1666
EIF3K,1667
RASGRP4,1668
FAM98C,1669
SPRED3,1670
CATSPERG1,1671
KCNK6,1672
SPINT2,1673
PPP1R14A,1674
ZFP940,1675
ZFP383,1676
ZFP74,1677
ZFP82,1678
ZFP382,1679
TBCB,1680
POLR2I,1681
LRFN3,1682
NFKBID,1683
APLP1,1684
KIRREL2,1685
PRODH2,1686
U2AF1L4,1687
RBM42,1688
KRTDAP,1689
CD22,1690
MAG,1691
FXYD5,1692
FXYD1,1693
LGI4,1694
HPN,1695
CEBPA,1696
SLC7A10,1697
GPATCH1,1698
RHPN2,1699
DPY19L3,1700
ZFP536,1701
POP4,1702
ZFP619,1703
VSTM2B,1704
VMN2R60,1705
ZFP977,1706
VMN2R63,1707
SIGLECF,1708
SIGLECG,1709
NKG7,1710
ETFB,1711
1700028J19RIK,1712
SYT3,1713
ASPDH,1714
JOSD2,1715
MYBPC2,1716
POLD1,1717
KCNC3,1718
MYH14,1719
NUP62,1720
AKT1S1,1721
FUZ,1722
PRRG2,1723
PIH1D1,1724
SLC17A7,1725
TEAD2,1726
LIN7B,1727
FTL1,1728
TULP2,1729
NUCB1,1730
CAR11,1731
CYTH2,1732
GRIN2D,1733
TMEM143,1734
KCNJ11,1735
KCNC1,1736
PTPN5,1737
MRGPRX1,1738
NELL1,1739
SLC17A6,1740
FANCF,1741
SIGLECH,1742
TUBGCP5,1743
CYFIP1,1744
GABRA5,1745
ATP10A,1746
TRPM1,1747
FAN1,1748
PCSK6,1749
LYSMD4,1750
PGPEP1L,1751
FAM169B,1752
NR2F2,1753
MCTP2,1754
SV2B,1755
KLHL25,1756
AGBL1,1757
MRPL46,1758
DET1,1759
AEN,1760
ABHD2,1761
RLBP1,1762
KIF7,1763
ANPEP,1764
SEMA4B,1765
PRC1,1766
HDDC3,1767
IQGAP1,1768
WDR73,1769
SLC28A1,1770
PDE8A,1771
HOMER2,1772
ADAMTSL3,1773
IL16,1774
CEMIP,1775
GM2115,1776
ZFAND6,1777
FOLH1,1778
VMN2R78,1779
NOX4,1780
RAB38,1781
TMEM135,1782
FZD4,1783
SYTL2,1784
TMEM126A,1785
DLG2,1786
DDIAS,1787
FAM181B,1788
USP35,1789
THRSP,1790
KCTD14,1791
PAK1,1792
TSKU,1793
MAP6,1794
SERPINH1,1795
ARRB1,1796
SLCO2B1,1797
NEU3,1798
PPME1,1799
UCP2,1800
P2RY6,1801
P2RY2,1802
GM45837,1803
PHOX2A,1804
ANAPC15,1805
LRRC51,1806
RHOG,1807
RRM1,1808
TRIM68,1809
HBB-BT,1810
HBB-BS,1811
TRIM6,1812
TRIM34A,1813
TRIM30B,1814
CCKBR,1815
CAVIN3,1816
RRP8,1817
GVIN2,1818
PPFIBP2,1819
STK33,1820
BC051019,1821
NRIP3,1822
IRAG1,1823
PARVA,1824
PDE3B,1825
CYP2R1,1826
INSC,1827
PLEKHA7,1828
RPS13,1829
NUCB2,1830
XYLT1,1831
ARL6IP1,1832
GDE1,1833
CCP110,1834
IQCK,1835
GPR139,1836
DNAH3,1837
TMEM159,1838
CRYM,1839
POLR3E,1840
CDR2,1841
USP31,1842
SCNN1B,1843
PALB2,1844
CACNG3,1845
SLC5A11,1846
HS3ST4,1847
IL4RA,1848
KATNIP,1849
NFATC2IP,1850
CD19,1851
RABEP2,1852
ATP2A1,1853
SLX1B,1854
CORO1A,1855
GDPD3,1856
TBX6,1857
KCTD13,1858
ASPHD1,1859
SEZ6L2,1860
CDIPT,1861
PAGR1A,1862
GM42742,1863
PRRT2,1864
SPN,1865
SEPHS2,1866
ITGAL,1867
FBRS,1868
CCDC189,1869
RNF40,1870
CTF2,1871
STX1B,1872
BCKDK,1873
PRSS36,1874
GM49368,1875
ITGAX,1876
ITGAD,1877
RUSF1,1878
RGS10,1879
INPP5F,1880
PLPP4,1881
BTBD16,1882
HTRA1,1883
PSTK,1884
CPXM2,1885
FAM53B,1886
UROS,1887
BCCIP,1888
D7ERTD443E,1889
MKI67,1890
EBF3,1891
9430038I01RIK,1892
BNIP3,1893
JAKMIP3,1894
DPYSL4,1895
STK32C,1896
NKX6-2,1897
KNDC1,1898
ADAM8,1899
ZFP511,1900
ZFP941,1901
GM45785,1902
IFITM3,1903
IFITM6,1904
PTDSS2,1905
IRF7,1906
EPS8L2,1907
GATD1,1908
CRACR2B,1909
CD151,1910
IFITM10,1911
CTSD,1912
LSP1,1913
IGF2,1914
INS2,1915
TH,1916
CDKN1C,1917
CARS,1918
TNFRSF26,1919
CCND1,1920
ARHGEF18,1921
TEX45,1922
MCOLN1,1923
CAMSAP3,1924
PET100,1925
PCP2,1926
MCEMP1,1927
TRAPPC5,1928
FCER2A,1929
SHCBP1,1930
TNFSF13B,1931
MYO16,1932
COL4A1,1933
COL4A2,1934
ING1,1935
TEX29,1936
F10,1937
CUL4A,1938
GRTP1,1939
TMEM255B,1940
UPF3A,1941
FBXO25,1942
DLGAP2,1943
ARHGEF10,1944
NEK5,1945
THSD1,1946
PLAT,1947
ANK1,1948
GOLGA7,1949
ZMAT4,1950
ADAM18,1951
PLPP5,1952
RNF170,1953
ADGRA2,1954
RAB11FIP1,1955
ADRB3,1956
GM45861,1957
UNC5D,1958
RNF122,1959
NRG1,1960
GSR,1961
ERI1,1962
TRMT9B,1963
DLC1,1964
SGCZ,1965
MSR1,1966
PDGFRL,1967
FRG1,1968
GM45753,1969
1700029J07RIK,1970
LRP2BP,1971
CFAP97,1972
ACSL1,1973
ENPP6,1974
RWDD4A,1975
TENM3,1976
HPGD,1977
SAP30,1978
GALNTL6,1979
HPF1,1980
CLCN3,1981
SH3RF1,1982
MSMO1,1983
TMEM192,1984
SMIM31,1985
CSGALNACT1,1986
LPL,1987
ZFP868,1988
RFXANK,1989
TMEM161A,1990
CERS1,1991
COMP,1992
TMEM59L,1993
CRLF1,1994
ISYNA1,1995
LRRC25,1996
PGPEP1,1997
PDE4C,1998
MPV17L2,1999
PIK3R2,2000
MAST3,2001
IL12RB1,2002
ARRDC2,2003
CCDC124,2004
MAP1S,2005
USE1,2006
BABAM1,2007
ANKLE1,2008
ABHD8,2009
PLVAP,2010
SLC27A1,2011
NIBAN3,2012
CYP4F18,2013
NWD1,2014
EDNRA,2015
1700011L22RIK,2016
HHIP,2017
GYPA,2018
GAB1,2019
ADGRE5,2020
IL27RA,2021
D8ERTD738E,2022
CACNA1A,2023
IER2,2024
G430095P16RIK,2025
DAND5,2026
GADD45GIP1,2027
RAD23A,2028
FARSA,2029
PRDX2,2030
JUNB,2031
GET3,2032
TRIR,2033
ZFP791,2034
VPS35,2035
MYLK3,2036
CBLN1,2037
HEATR3,2038
SALL1,2039
IRX5,2040
LPCAT2,2041
CES5A,2042
NLRC5,2043
PLLP,2044
KATNB1,2045
MMP15,2046
CFAP20,2047
NDRG4,2048
SLC38A7,2049
CDH5,2050
CAR7,2051
PDP2,2052
B3GNT9,2053
E2F4,2054
ELMO3,2055
TPPP3,2056
CTCF,2057
ENKD1,2058
RANBP10,2059
TSNAXIP1,2060
CENPT,2061
LCAT,2062
SLC12A4,2063
DERPC,2064
PDF,2065
NFAT5,2066
ZFHX3,2067
HP,2068
DHODH,2069
PHLPP2,2070
CALB2,2071
VAC14,2072
IL34,2073
FCSK,2074
FA2H,2075
LDHD,2076
BCAR1,2077
TMEM231,2078
TERF2IP,2079
SDR42E1,2080
MPHOSPH6,2081
HSBP1,2082
DNAAF1,2083
TAF1C,2084
KLHL36,2085
USP10,2086
ZDHHC7,2087
GINS2,2088
1190005I06RIK,2089
IRF8,2090
JPH3,2091
ZFP469,2092
ZFPM1,2093
TRHR2,2094
APRT,2095
TRAPPC2L,2096
CPNE7,2097
SULT5A1,2098
CHMP1A,2099
SPATA2L,2100
FANCA,2101
DBNDD1,2102
GAS8,2103
RHOU,2104
CCSAP,2105
ABCB10,2106
ARV1,2107
SIPA1L2,2108
NTPCR,2109
PCNX2,2110
SLC35F3,2111
TARBP1,2112
MMP8,2113
TMEM123,2114
BIRC3,2115
TRPC6,2116
ARHGAP42,2117
MTMR2,2118
CEP57,2119
VSTM5,2120
SMCO4,2121
OLFM2,2122
S1PR2,2123
MRPL4,2124
ICAM5,2125
CDC37,2126
S1PR5,2127
ATG4D,2128
TMED1,2129
YIPF2,2130
TIMM29,2131
LDLR,2132
KANK2,2133
DOCK6,2134
RAB3D,2135
TMEM205,2136
ODAD3,2137
PRKCSH,2138
ACP5,2139
9530077C05RIK,2140
GM17545,2141
GLB1L2,2142
IGSF9B,2143
ADAMTS15,2144
ADAMTS8,2145
ZBTB44,2146
TIRAP,2147
FOXRED1,2148
PATE2,2149
EI24,2150
SLC37A2,2151
CCDC15,2152
HEPACAM,2153
ESAM,2154
SPA17,2155
OLFR920,2156
AW551984,2157
CLMP,2158
CRTAM,2159
TBCEL,2160
TLCD5,2161
USP2,2162
RNF26,2163
MCAM,2164
NLRX1,2165
H2AX,2166
HMBS,2167
CXCR5,2168
CD3E,2169
SCN2B,2170
TAGLN,2171
SIK3,2172
NXPE2,2173
ZW10,2174
TTC12,2175
BCO2,2176
TEX12,2177
CRYAB,2178
PPP2R1B,2179
POU2AF1,2180
COLCA2,2181
AI593442,2182
EXPH5,2183
NPAT,2184
RAB39,2185
CYP19A1,2186
IDH3A,2187
ACSBG1,2188
NRG4,2189
TMEM266,2190
4930563M21RIK,2191
RCN2,2192
LINGO1,2193
CSPG4,2194
NEIL1,2195
1700017B05RIK,2196
PPCDC,2197
COX5A,2198
SEMA7A,2199
ISLR,2200
ISLR2,2201
PML,2202
INSYN1,2203
REC114,2204
NEO1,2205
ADPGK,2206
HEXA,2207
THSD4,2208
LARP6,2209
PAQR5,2210
ITGA11,2211
SMAD6,2212
DENND4A,2213
IGDCC3,2214
PARP16,2215
RASL12,2216
SLC51B,2217
MTFMT,2218
ANKDD1A,2219
PLEKHO2,2220
PIF1,2221
DAPK2,2222
HERC1,2223
FBXL22,2224
CAR12,2225
MYO1E,2226
CCNB2,2227
ADAM10,2228
LIPC,2229
AQP9,2230
ALDH1A2,2231
POLR2M,2232
CGNL1,2233
MNS1,2234
GM44503,2235
UNC13C,2236
MYO5C,2237
TMOD2,2238
LYSMD2,2239
BMP5,2240
GCLC,2241
FBXO9,2242
GSTA2,2243
CGAS,2244
MTO1,2245
COL12A1,2246
COX7A2,2247
FILIP1,2248
MEI4,2249
SH3BGRL2,2250
ELOVL4,2251
IBTK,2252
ME1,2253
TBX18,2254
BCL2A1D,2255
BCL2A1B,2256
MINAR1,2257
TBC1D2B,2258
ZIC4,2259
PLSCR1,2260
DIPK2A,2261
SLC9A9,2262
PAQR9,2263
PCOLCE2,2264
PLS1,2265
GK5,2266
TFDP2,2267
RNF7,2268
NMNAT3,2269
RBP1,2270
COPB2,2271
GM1123,2272
ESYT3,2273
DBR1,2274
CLDN18,2275
SLCO2A1,2276
TRF,2277
1300017J02RIK,2278
CDV3,2279
BFSP2,2280
TMEM108,2281
UBA5,2282
ACAD11,2283
CPNE4,2284
ALAS1,2285
PCBP4,2286
PARP3,2287
IQCF2,2288
NPRL2,2289
TUSC2,2290
HYAL1,2291
IFRD2,2292
SLC38A3,2293
TRAIP,2294
IP6K1,2295
BSN,2296
AMT,2297
TCTA,2298
GPX1,2299
WDR6,2300
P4HTM,2301
FBXW15,2302
CAMP,2303
CSPG5,2304
NGP,2305
PTH1R,2306
MYL3,2307
LRRC2,2308
LTF,2309
TRANK1,2310
STAC,2311
ARPP21,2312
TRIM71,2313
CMTM7,2314
TGFBR2,2315
EOMES,2316
SLC22A14,2317
EXOG,2318
CX3CR1,2319
CSRNP1,2320
MOBP,2321
EIF1B,2322
ENTPD3,2323
RPL14,2324
LYZL4,2325
SEC22C,2326
SS18L2,2327
GASK1A,2328
ABHD5,2329
GM35549,2330
1110059G10RIK,2331
SLC6A20A,2332
CCR1,2333
AKAP12,2334
CCDC170,2335
SYNE1,2336
IPCEF1,2337
CNKSR3,2338
ULBP1,2339
ZC3H12D,2340
UST,2341
GRM1,2342
FBXO30,2343
STX11,2344
LTV1,2345
ADAT2,2346
TXLNB,2347
ECT2L,2348
CCDC28A,2349
NHSL1,2350
TNFAIP3,2351
MAP7,2352
MTFR2,2353
E030030I06RIK,2354
RAET1E,2355
MOXD1,2356
ENPP3,2357
SAMD3,2358
THEMIS,2359
RSPO3,2360
NCOA7,2361
NKAIN2,2362
TRDN,2363
CLVS2,2364
TSPYL1,2365
CCN6,2366
FYN,2367
SLC16A10,2368
RPF2,2369
GTF3C6,2370
DDO,2371
WASF1,2372
SMPD2,2373
PPIL6,2374
CEP57L1,2375
FOXO3,2376
NR2E1,2377
SCML4,2378
CD24A,2379
LILR4B,2380
LILRB4A,2381
SLC35F1,2382
MSL3L2,2383
GJA1,2384
PKIB,2385
SMPDL3A,2386
RANBP2,2387
SH3RF3,2388
DDIT4,2389
SPOCK2,2390
VSIR,2391
SLC29A3,2392
UNC5B,2393
ADAMTS14,2394
PRF1,2395
PALD1,2396
LRRC20,2397
NPFFR1,2398
TYSND1,2399
AIFM2,2400
COL13A1,2401
HK1,2402
SRGN,2403
KIFBP,2404
STOX1,2405
HERC4,2406
SIRT1,2407
CTNNA3,2408
NRBF2,2409
TMEM26,2410
A930033H14RIK,2411
MRLN,2412
SLC16A9,2413
PHYHIPL,2414
BICC1,2415
IPMK,2416
PCDH15,2417
ADORA2A,2418
LRRC75B,2419
GSTT1,2420
MIF,2421
MMP11,2422
GM867,2423
DIP2A,2424
PCNT,2425
LSS,2426
COL6A2,2427
PCBP3,2428
SLC19A1,2429
COL18A1,2430
POFUT2,2431
SUMO3,2432
GM49325,2433
CFAP410,2434
DNMT3L,2435
AGPAT3,2436
ILVBL,2437
SYDE1,2438
MIER2,2439
TPGS1,2440
HCN2,2441
GPX4,2442
CIRBP,2443
PWWP3A,2444
GAMT,2445
DAZAP1,2446
RPS15,2447
2310011J03RIK,2448
REEP6,2449
PLK5,2450
MOB3A,2451
SPPL2B,2452
LMNB2,2453
SGTA,2454
MAP2K2,2455
EEF2,2456
CACTIN,2457
FZR1,2458
GNA15,2459
TLE2,2460
BC025920,2461
GM32687,2462
EID3,2463
CHST11,2464
NUAK1,2465
CKAP4,2466
TCP11L2,2467
POLR3B,2468
TIMP3,2469
1700113H08RIK,2470
ASCL1,2471
IGF1,2472
DRAM1,2473
ANO4,2474
APAF1,2475
SLC25A3,2476
USP44,2477
METAP2,2478
TMCC3,2479
CRADD,2480
NUDT4,2481
GM33543,2482
DCN,2483
4930430F08RIK,2484
RASSF9,2485
ACSS3,2486
LIN7A,2487
PTPRQ,2488
PAWR,2489
CSRP2,2490
PHLDA1,2491
GLIPR1,2492
TRHDE,2493
LGR5,2494
TSPAN8,2495
PTPRR,2496
PTPRB,2497
DYRK2,2498
GRIP1,2499
IRAK3,2500
GNS,2501
D930020B18RIK,2502
USP15,2503
EEF1AKMT3,2504
B4GALNT1,2505
MBD6,2506
DDIT3-1,2507
ARHGAP9,2508
SHMT2,2509
CNPY2,2510
SLC39A5,2511
MYL6,2512
MYL6B,2513
ESYT1,2514
ERBB3,2515
SUOX,2516
CDK2,2517
PYM1,2518
GDF11,2519
BLOC1S1,2520
ITGA7,2521
TESPA1,2522
VMN2R87,2523
PLA2G3,2524
OSBP2,2525
SLC35E4,2526
TCN2,2527
SEC14L2,2528
HORMAD2,2529
MTMR3,2530
GAS2L1,2531
EMID1,2532
XBP1,2533
AEBP1,2534
TMED4,2535
NACAD,2536
ADCY1,2537
TNS3,2538
ABCA13,2539
FIGNL1,2540
COBL,2541
VSTM2A,2542
EGFR,2543
PLEK,2544
PPP3R1,2545
WDR92,2546
ETAA1,2547
WDPCP,2548
COMMD1B,2549
ZRSR1,2550
FAM161A,2551
EFEMP1,2552
CFAP36,2553
PRORSD1,2554
RPS27A,2555
4930505A04RIK,2556
GPR75,2557
CHAC2,2558
CPEB4,2559
RHBDF1,2560
HBA-A1,2561
HBA-A2,2562
SH3PXD2B,2563
EFCAB9,2564
STK10,2565
FBLL1,2566
WWC1,2567
MAT2B,2568
HMMR,2569
CCNG1,2570
GABRA6,2571
GABRB2,2572
PTTG1,2573
PWWP2A,2574
ADAM19,2575
NIPAL4,2576
ITK,2577
HAVCR2,2578
TIMD4,2579
GM5431,2580
9930111J21RIK1,2581
OLFR56,2582
IFI47,2583
SQSTM1,2584
LTC4S,2585
ADAMTS2,2586
COL23A1,2587
0610009B22RIK,2588
CDKN2AIPNL,2589
SKP1,2590
ZCCHC10,2591
SHROOM1,2592
IL4,2593
P4HA2,2594
ACSL6,2595
FNIP1,2596
CCDC69,2597
SLC36A2,2598
FAT2,2599
MRPL22,2600
IGTP,2601
SH3BP5L,2602
BTNL10,2603
TRIM11,2604
GJC2,2605
WNT9A,2606
JMJD4,2607
ZFP867,2608
ZKSCAN17,2609
NLRP3,2610
FLCN,2611
TOM1L2,2612
DRC3,2613
LLGL1,2614
SMCR8,2615
NATD1,2616
KCNJ12,2617
USP22,2618
SLC47A2,2619
SLC47A1,2620
EPN2,2621
SPECC1,2622
UBB,2623
MMGT2,2624
ZFP287,2625
HS3ST3B1,2626
HS3ST3A1,2627
ARHGAP44,2628
RCVRN,2629
CFAP52,2630
NTN1,2631
RPL26,2632
ARHGEF15,2633
AURKB,2634
BORCS6,2635
PER1,2636
TRAPPC1,2637
TMEM88,2638
EFNB3,2639
ATP1B2,2640
SAT2,2641
CD68,2642
FGF11,2643
TMEM256,2644
ACAP1,2645
NEURL4,2646
CTDNEP1,2647
GABARAP,2648
CLEC10A,2649
SLC16A11,2650
SLC16A13,2651
RNASEK,2652
PFN1,2653
ZFP3,2654
C1QBP,2655
NLRP1A,2656
NLRP1B,2657
WSCD1,2658
PITPNM3,2659
4930563E22RIK,2660
SLC13A5,2661
SPNS2,2662
ITGAE,2663
EMC6,2664
ASPA,2665
RAP1GAP2,2666
CCDC92B,2667
CLUH,2668
METTL16,2669
RTN4RL1,2670
DOC2B,2671
RFLNB,2672
GLOD4,2673
TLCD3A,2674
NXN,2675
GM10277,2676
TLCD1,2677
SUPT6,2678
SDF2,2679
SPAG5,2680
ALDOC,2681
OMG,2682
EVI2,2683
EVI2B,2684
EVI2A,2685
ADAP2,2686
RHBDL3,2687
ASIC2,2688
5530401A14RIK,2689
SLFN9,2690
SLFN1,2691
SLFN4,2692
SLFN3,2693
AP2B1,2694
CCL5,2695
CCL6,2696
CCL3,2697
CCL4,2698
HNF1B,2699
GM11437,2700
MRM1,2701
DHRS11,2702
MYO19,2703
CAR4,2704
USP32,2705
APPBP2,2706
TBX2,2707
VMP1,2708
PTRH2,2709
YPEL2,2710
PPM1E,2711
RAD51C,2712
SEPTIN4,2713
COIL,2714
GM525,2715
ANKFN1,2716
TMEM100,2717
HLF,2718
TOM1L1,2719
CAR10,2720
ABCC3,2721
COL1A1,2722
PDK2,2723
ITGA3,2724
FAM117A,2725
ABI3,2726
UBE2Z,2727
HOXB4,2728
HOXB2,2729
SKAP1,2730
COPZ2,2731
PNPO,2732
MRPL10,2733
OSBPL7,2734
TBX21,2735
ARHGAP23,2736
PSMB3,2737
FBXO47,2738
PLXDC1,2739
CDK12,2740
STARD3,2741
IKZF3,2742
ORMDL3,2743
CDC6,2744
RARA,2745
TOP2A,2746
KRT222,2747
KRT20,2748
P3H4,2749
FKBP10,2750
ODAD4,2751
CAVIN1,2752
CNTNAP1,2753
EZH1,2754
WNK4,2755
COA3,2756
PSME3,2757
AOC2,2758
AARSD1,2759
IFI35,2760
VAT1,2761
TMEM106A,2762
ARL4D,2763
HROB,2764
SLC4A1,2765
SLC25A39,2766
GRN,2767
GM11627,2768
MEIOC,2769
C1QL1,2770
DCAKD,2771
PLCD3,2772
HEXIM1,2773
HEXIM2,2774
MAP3K14,2775
CRHR1,2776
ITGB3,2777
MRC2,2778
TANC2,2779
CYB561,2780
ACE,2781
LIMD2,2782
CD79B,2783
NOL11,2784
PSMD12,2785
CACNG4,2786
CACNG5,2787
FAM20A,2788
ABCA9,2789
ABCA6,2790
FAM104A,2791
D11WSU47E,2792
SDK2,2793
KIF19A,2794
BTBD17,2795
GPRC5C,2796
CD300A,2797
CD300LB,2798
CD300C,2799
CD300LD,2800
CD300E,2801
CD300LF,2802
SLC9A3R1,2803
TMEM104,2804
FDXR,2805
SUMO2,2806
GGA3,2807
CASKIN2,2808
LLGL2,2809
UNC13D,2810
MRPL38,2811
QRICH2,2812
UBE2O,2813
RHBDF2,2814
CYGB,2815
ST6GALNAC2,2816
SRSF2,2817
TMC8,2818
6030468B19RIK,2819
PGS1,2820
DNAH17,2821
LGALS3BP,2822
C1QTNF1,2823
ENGASE,2824
TBC1D16,2825
CARD14,2826
SGSH,2827
NPTX1,2828
RPTOR,2829
AATK,2830
CEP131,2831
ARL16,2832
MRPL12,2833
SLC25A10,2834
PCYT2,2835
NOTUM,2836
FASN,2837
SLC16A3,2838
OGFOD3,2839
CYBC1,2840
FN3K,2841
ZFP750,2842
METRNL,2843
RAB10,2844
DNMT3A,2845
ADCY3,2846
PTRHD1,2847
FAM228A,2848
LDAH,2849
RHOB,2850
WDR35,2851
OSR1,2852
VSNL1,2853
CYRIA,2854
NBAS,2855
NTSR2,2856
PQLC3,2857
KCNF1,2858
ODC1,2859
HPCAL1,2860
IAH1,2861
ADAM17,2862
GRHL1,2863
KLF11,2864
CYS1,2865
ID2,2866
RSAD2,2867
CMPK2,2868
RNASEH1,2869
EIPR1,2870
SNTG2,2871
SH3YL1,2872
LAMB1,2873
GPR22,2874
HBP1,2875
PRKAR2B,2876
SYPL,2877
AHR,2878
AGMO,2879
ARL4A,2880
LSMEM1,2881
NOVA1,2882
COCH,2883
HEATR5A,2884
EGLN3,2885
SLC25A21,2886
SSTR1,2887
FANCM,2888
RPS29,2889
GM49383,2890
POLE2,2891
PYGL,2892
4930447C04RIK,2893
SIX4,2894
GM11042,2895
RHOJ,2896
WDR89,2897
ESR2,2898
HSPA2,2899
SPTB,2900
MAX,2901
PLEKHH1,2902
ARG2,2903
RDH12,2904
PLEKHD1,2905
DCAF4,2906
NUMB,2907
ENTPD5,2908
RNF113A2,2909
AREL1,2910
FCF1,2911
DLST,2912
PGF,2913
TTLL5,2914
TGFB3,2915
ESRRB,2916
ANGEL1,2917
LRRC74A,2918
CIPC,2919
TMEM63C,2920
CEP128,2921
EFCAB11,2922
KCNK13,2923
PSMC1,2924
GPR68,2925
LGMN,2926
CHGA,2927
ITPK1,2928
TMEM251,2929
UBR7,2930
PRIMA1,2931
OTUB2,2932
IFI27L2A,2933
GLRX5,2934
HHIPL1,2935
TNFAIP2,2936
GM266,2937
EIF5,2938
CKB,2939
BAG5,2940
INF2,2941
ADSSL1,2942
CEP170B,2943
AHNAK2,2944
GPR132,2945
JAG2,2946
PACS2,2947
CRIP2,2948
CRIP1,2949
TEDC1,2950
VIPR2,2951
RAPGEF5,2952
DNAH11,2953
SP8,2954
ABCB5,2955
TMEM196,2956
GDI2,2957
ACTN2,2958
NID1,2959
LYST,2960
GNG4,2961
B3GALNT2,2962
HECW1,2963
SUGCT,2964
EPDR1,2965
SFRP4,2966
GPR141,2967
PGBD1,2968
H1F5,2969
ZFP184,2970
CMAH,2971
RIPOR2,2972
MRS2,2973
DCDC2A,2974
NRSN1,2975
AGTR1A,2976
IRF4,2977
FOXC1,2978
GMDS,2979
SERPINB1A,2980
SERPINB6B,2981
SERPINB9,2982
PSMG4,2983
4933417A18RIK,2984
ECI2,2985
RPP40,2986
F13A1,2987
LY86,2988
RREB1,2989
CAGE1,2990
BMP6,2991
TFAP2A,2992
GCNT2,2993
NEDD9,2994
ADTRP,2995
TBC1D7,2996
MCUR1,2997
CD83,2998
DTNBP1,2999
RBM24,3000
DEK,3001
PTPDC1,3002
NINJ1,3003
SUSD3,3004
ECM2,3005
ASPN,3006
OMD,3007
S1PR3,3008
CKS2,3009
SYK,3010
CLTB,3011
HK3,3012
MXD3,3013
RGS14,3014
PDLIM7,3015
DOK3,3016
B4GALT7,3017
SLC25A48,3018
SPOCK1,3019
GOLM1,3020
ISCA1,3021
GM49354,3022
TUT7,3023
GM5141,3024
FBP2,3025
PRXL2C,3026
CNTNAP3,3027
ZFP712,3028
GM28557,3029
ZFP457,3030
ZFP595,3031
ZFP429,3032
ZFP65,3033
ZFP85,3034
ZFP273,3035
FASTKD3,3036
TENT4A,3037
NSUN2,3038
ADAMTS16,3039
TRIP13,3040
SLC9A3,3041
PDCD6,3042
SDHA,3043
CCDC127,3044
PCSK1,3045
ADGRV1,3046
POLR3G,3047
EDIL3,3048
HAPLN1,3049
ACOT12,3050
RASGRF2,3051
THBS4,3052
MTX3,3053
BHMT2,3054
LHFPL2,3055
HMGCR,3056
GFM2,3057
HEXB,3058
ANKRA2,3059
FOXD1,3060
ZFP366,3061
SERF1,3062
GTF2H2,3063
MARVELD2,3064
MRPS36,3065
CCNB1,3066
CD180,3067
MAST4,3068
ERBIN,3069
DIMT1,3070
DEPDC1B,3071
GM49496,3072
IL31RA,3073
PLPP1,3074
CDC20B,3075
GPX8,3076
GZMK,3077
ESM1,3078
ITGA2,3079
ITGA1,3080
GM49395,3081
EMB,3082
FGF10,3083
CCL28,3084
NIM1K,3085
BC147527,3086
RPL15,3087
NGLY1,3088
OXSM,3089
LRRC3B,3090
CFAP20DC,3091
OIT1,3092
FAM107A,3093
KCTD6,3094
GM3739,3095
GM3468,3096
GM3248,3097
GM2237,3098
KCNK5,3099
DNAJC9,3100
ANXA7,3101
USP54,3102
FUT11,3103
CHCHD1,3104
NDST2,3105
CAMK2G,3106
PLAU,3107
COMTD1,3108
ZFP503,3109
LRMDA,3110
ZCCHC24,3111
PLAC9A,3112
TMEM254A,3113
DUXBL1,3114
DNAH12,3115
ASB14,3116
ARHGEF3,3117
CHDH,3118
ITIH3,3119
SPCS1,3120
SMIM4,3121
EAF1,3122
COLQ,3123
OGDHL,3124
3425401B19RIK,3125
TMEM273,3126
VSTM4,3127
WDFY4,3128
ARHGAP22,3129
FRMPD2,3130
GLUD1,3131
MMRN2,3132
LDB3,3133
WAPL,3134
CCSER2,3135
SFTPD,3136
EAR1,3137
TXNDC16,3138
BMP4,3139
CDKN3,3140
WDHD1,3141
LGALS3,3142
DLGAP5,3143
FBXO34,3144
OTX2,3145
SLC35F4,3146
KLHL33,3147
ANG,3148
RNASE6,3149
NDRG2,3150
SALL2,3151
ABHD4,3152
SLC7A7,3153
HAUS4,3154
PSMB5,3155
SLC7A8,3156
CMTM5,3157
MYH6,3158
CPNE6,3159
IPO4,3160
MDP1,3161
CBLN3,3162
GZMB,3163
CRYL1,3164
EEF1AKMT1,3165
XPO4,3166
SKA3,3167
ZDHHC20,3168
FGF9,3169
RCBTB1,3170
PHF11B,3171
PHF11C,3172
ATP8A2,3173
TNFRSF19,3174
EBPL,3175
SPRYD7,3176
GATA4,3177
BLK,3178
XKR6,3179
EXTL3,3180
NUGGC,3181
SCARA5,3182
ESCO2,3183
CLU,3184
STMN4,3185
PNMA2,3186
BNIP3L,3187
EBF2,3188
SLC25A37,3189
R3HCC1,3190
TNFRSF10B,3191
RHOBTB2,3192
PDLIM2,3193
SORBS3,3194
PHYHIP,3195
HR,3196
FAM160B2,3197
DMTN,3198
NPM2,3199
XPO7,3200
GFRA2,3201
GM9195,3202
CYSLTR2,3203
RCBTB2,3204
RUBCNL,3205
LCP1,3206
SIAH3,3207
LACC1,3208
ENOX1,3209
CNMD,3210
DIAPH3,3211
PCDH20,3212
KLHL1,3213
KLF5,3214
LMO7,3215
KCTD12,3216
SCEL,3217
SLAIN1,3218
GPC6,3219
DCT,3220
ABCC4,3221
CLDN10,3222
GPR18,3223
GPR183,3224
GGACT,3225
ITGBL1,3226
FGF14,3227
SELENOP,3228
PLCXD3,3229
RICTOR,3230
OSMR,3231
EGFLAM,3232
RANBP3L,3233
NADK2,3234
IL7R,3235
SPEF2,3236
ADAMTS12,3237
NPR3,3238
CDH6,3239
CDH18,3240
ZFP622,3241
MARCHF11,3242
FBXL7,3243
OTULIN,3244
DNAH5,3245
LAPTM4B,3246
POLR2K,3247
SPAG1,3248
ANKRD46,3249
PABPC1,3250
AZIN1,3251
ATP6V1C1,3252
DCAF13,3253
DPYS,3254
RSPO2,3255
PKHD1L1,3256
RAD21,3257
CCN3,3258
ENPP2,3259
DSCC1,3260
DEPTOR,3261
COL14A1,3262
ZHX2,3263
TBC1D31,3264
WDYHV1,3265
FBXO32,3266
FAM91A1,3267
TRMT12,3268
RNF139,3269
GM49356,3270
GSDMC,3271
GM21798,3272
TMEM71,3273
CCN4,3274
KHDRBS3,3275
FAM135B,3276
COL22A1,3277
KCNK9,3278
DENND3,3279
PTP4A3,3280
THEM6,3281
LY6A,3282
LY6H,3283
TOP1MT,3284
RHPN1,3285
ZFP707,3286
IQANK1,3287
PUF60,3288
NRBP2,3289
SHARPIN,3290
MROH1,3291
HSF1,3292
ADCK5,3293
GPT,3294
LRRC14,3295
LRRC24,3296
C030006K11RIK,3297
ARHGAP39,3298
ZFP7,3299
GM49527,3300
TXN2,3301
EIF3D,3302
PVALB,3303
CSF2RB2,3304
TST,3305
MPST,3306
IL2RB,3307
RAC2,3308
CYTH4,3309
GM49510,3310
LGALS1,3311
H1F0,3312
MICALL1,3313
1700088E04RIK,3314
BAIAP2L2,3315
KCNJ4,3316
JOSD1,3317
DNAL4,3318
NPCD,3319
CBX6,3320
RPL3,3321
SYNGR1,3322
ENTHD1,3323
GRAP2,3324
POLR3H,3325
XRCC6,3326
DESI1,3327
SNU13,3328
CCDC134,3329
SREBF2,3330
SHISA8,3331
TNFRSF13C,3332
1500009C09RIK,3333
NAGA,3334
SMDT1,3335
NFAM1,3336
RRP7A,3337
A4GALT,3338
ARFGAP3,3339
PACSIN2,3340
TTLL1,3341
MCAT,3342
TTLL12,3343
PNPLA3,3344
PARVB,3345
SHISAL1,3346
RTL6,3347
GM29666,3348
5031439G07RIK,3349
FAM118A,3350
SMC1B,3351
TTC38,3352
GRAMD4,3353
CERK,3354
TBC1D22A,3355
PIM3,3356
MLC1,3357
PANX2,3358
MAPK12,3359
SCO2,3360
CPT1B,3361
MAPK8IP2,3362
SHANK3,3363
ACR,3364
SYT10,3365
CN725425,3366
LRRK2,3367
TMEM117,3368
SLC38A2,3369
AMIGO2,3370
RAPGEF3,3371
SLC48A1,3372
HDAC7,3373
COL2A1,3374
ASB8,3375
CCDC184,3376
KMT2D,3377
TUBA1B,3378
TUBA1C,3379
TROAP,3380
MCRS1,3381
FAM186B,3382
FMNL3,3383
FAIM2,3384
SMARCD1,3385
GPD1,3386
METTL7A1,3387
SLC11A2,3388
LETMD1,3389
DAZAP2,3390
FIGNL2,3391
ACVRL1,3392
NR4A1,3393
KRT80,3394
ITGB7,3395
ESPL1,3396
ATP5G2,3397
NFE2,3398
NCKAP1L,3399
PPP1R1A,3400
MEFV,3401
CLUAP1,3402
NLRC3,3403
HMOX2,3404
SEC14L5,3405
RBFOX1,3406
CARHSP1,3407
USP7,3408
EMP2,3409
NUBP1,3410
CIITA,3411
RMI2,3412
SNX29,3413
CPPED1,3414
A930007A09RIK,3415
MYH11,3416
MCM4,3417
MZT2,3418
PKP2,3419
YARS2,3420
2610318N02RIK,3421
YDJC,3422
THAP7,3423
SLC7A4,3424
SCARF2,3425
ESS2,3426
PRODH,3427
RTN4R,3428
TRMT2A,3429
TXNRD2,3430
GP1BB,3431
GM49601,3432
CDC45,3433
2510002D24RIK,3434
OLFR164,3435
CYP2AB1,3436
AP2M1,3437
VWA5B2,3438
ALG3,3439
EEF1AKMT4,3440
GM49333,3441
CLCN2,3442
POLR2H,3443
EPHB3,3444
TMEM41A,3445
LIPH,3446
DGKG,3447
DNAJB11,3448
FETUB,3449
SST,3450
BCL6,3451
P3H2,3452
IL1RAP,3453
ATP13A5,3454
ATP13A4,3455
APOD,3456
MELTF,3457
PIGZ,3458
WDR53,3459
RNF168,3460
DYNLT2B,3461
PCYT1A,3462
TFRC,3463
LRCH3,3464
OSBPL11,3465
MUC13,3466
ITGB5,3467
MYLK,3468
DTX3L,3469
FAM162A,3470
CASR,3471
CD86,3472
ILDR1,3473
STXBP5L,3474
FSTL1,3475
PLA1A,3476
UPK1B,3477
GAP43,3478
DRD3,3479
QTRT2,3480
ZDHHC23,3481
CFAP44,3482
BOC,3483
NEPRO,3484
CCDC80,3485
BTLA,3486
CD200,3487
GM609,3488
SLC9C1,3489
TMPRSS7,3490
ABHD10,3491
PHLDB2,3492
CD96,3493
RETNLG,3494
CBLB,3495
NFKBIZ,3496
CEP97,3497
RPL24,3498
PCNP,3499
IMPG2,3500
TMEM45A,3501
COL8A1,3502
ST3GAL6,3503
GABRR3,3504
EPHA6,3505
PROS1,3506
4930453N24RIK,3507
CGGBP1,3508
HTR1F,3509
VGLL3,3510
ROBO2,3511
BTG3,3512
D16ERTD472E,3513
CHODL,3514
CYYR1,3515
ADAMTS1,3516
RWDD2B,3517
USP16,3518
GRIK1,3519
MIS18A,3520
EVA1C,3521
4932438H23RIK,3522
ATP5O-1,3523
MRPS6,3524
SLC5A3,3525
CHAF1B,3526
PIGP,3527
KCNJ6,3528
KCNJ15,3529
ETS2,3530
GET1,3531
LCA5L,3532
B3GALT5,3533
ITGB2L,3534
A630089N07RIK,3535
TIAM2,3536
TMEM242,3537
SYNJ2,3538
TMEM181A,3539
RSPH3B,3540
RNASET2B,3541
GM1604B,3542
FNDC1,3543
TAGAP,3544
SFT2D1,3545
PRR18,3546
PDE10A,3547
AGPAT4,3548
PLG,3549
MRPL18,3550
ACAT2,3551
WTAP,3552
SMOC2,3553
THBS2,3554
9030025P20RIK,3555
DLL1,3556
HAS1,3557
FPR2,3558
FPR3,3559
VMN2R96,3560
VMN2R98,3561
VMN2R107,3562
ZFP53,3563
ZFP52,3564
ZFP983,3565
ZFP229,3566
ZFP995,3567
ZFP994,3568
MMP25,3569
PKMYT1,3570
PAQR4,3571
FLYWCH2,3572
NTN3,3573
CCNF,3574
ABCA17,3575
ECI1,3576
DNASE1L2,3577
E4F1,3578
MLST8,3579
TSC2,3580
NTHL1,3581
ZFP598,3582
NDUFB10,3583
MSRB1,3584
HAGH,3585
TMEM204,3586
WDR24,3587
METTL26,3588
PIGQ,3589
PGAP6,3590
NEURL1B,3591
GM50253,3592
BAK1,3593
IP6K3,3594
GRM4,3595
AI413582,3596
SCUBE3,3597
FANCE,3598
FKBP5,3599
SLC26A8,3600
RAB44,3601
CPNE5,3602
PI16,3603
FGD2,3604
PIM1,3605
MDGA1,3606
DNAH8,3607
HSF2BP,3608
NOTCH3,3609
EPHX3,3610
RASAL3,3611
CYP4F39,3612
CYP4F15,3613
ZFP811,3614
MORC2B,3615
OLFR1564,3616
ZFP955A,3617
HNRNPM,3618
MARCHF2,3619
KANK3,3620
RPS18,3621
VPS52,3622
H2-K1,3623
H2-DMB1,3624
PSMB9,3625
TAP1,3626
PSMB8,3627
H2-OB,3628
H2-AB1,3629
H2-AA,3630
H2-EB1,3631
NOTCH4,3632
GPSM3,3633
TNXB,3634
C4B,3635
SKIV2L,3636
NEU1,3637
HSPA1L,3638
CSNK2B,3639
PRRC2A,3640
AIF1,3641
LST1,3642
NFKBIL1,3643
H2-D1,3644
H2-Q10,3645
TCF19,3646
CCHCR1,3647
DDR1,3648
H2-T23,3649
H2-T22,3650
GM6034,3651
GM19684,3652
POLR1H,3653
MOG,3654
H2-M3,3655
OLFR111,3656
RHAG,3657
OPN5,3658
ADGRF5,3659
MEP1A,3660
CYP39A1,3661
CLIC5,3662
AARS2,3663
TMEM151B,3664
RSPH9,3665
MAD2L1BP,3666
GTPBP2,3667
YIPF3,3668
TJAP1,3669
ABCC10,3670
MRPL2,3671
RRP36,3672
MEA1,3673
PEX6,3674
GNMT,3675
CNPY3,3676
1700001C19RIK,3677
TAF8,3678
GM20517,3679
PRICKLE4,3680
MDFI,3681
TREM3,3682
TREML4,3683
B430306N03RIK,3684
TREM2,3685
APOBEC2,3686
UNC5CL,3687
DAAM2,3688
KIF6,3689
KCNH8,3690
SLC5A7,3691
POT1B,3692
ADGRE4,3693
CHAF1A,3694
UBXN6,3695
HDGFL2,3696
TNFAIP8L1,3697
PLIN3,3698
MICOS13,3699
RFX2,3700
MLLT1,3701
GTF2F1,3702
RAB31,3703
WASHC1,3704
DDX11,3705
MTCL1,3706
LAMA1,3707
ARHGAP28,3708
L3MBTL4,3709
MYL12A,3710
MYOM1,3711
LPIN2,3712
ALK,3713
YPEL5,3714
XDH,3715
MEMO1,3716
NLRC4,3717
YIPF4,3718
RASGRP3,3719
NDUFAF7,3720
QPCT,3721
CDC42EP3,3722
CYP1B1,3723
ATL2,3724
GEMIN6,3725
CDKL4,3726
SLC8A1,3727
PKDCC,3728
COX7A2L,3729
LRPPRC,3730
EPAS1,3731
PIGF,3732
MCFD2,3733
EPCAM,3734
STON1,3735
JCAD,3736
COLEC12,3737
USP14,3738
RMC1,3739
LAMA3,3740
CABYR,3741
AQP4,3742
DSC3,3743
KLHL14,3744
TPGS2,3745
LIMS2,3746
GPR17,3747
ERCC3,3748
GYPC,3749
CAMK4,3750
KIF20A,3751
CDC23,3752
SLC23A1,3753
SPATA24,3754
STING1,3755
APBB3,3756
CD14,3757
NDUFA2,3758
ZMAT2,3759
PCDHA11,3760
PCDHB2,3761
PCDHB5,3762
PCDHB18,3763
TAF7,3764
PCDHGA11,3765
DIAPH1,3766
RELL2,3767
ARAP3,3768
PCDH1,3769
PRELID2,3770
STK32A,3771
TICAM2,3772
CDO1,3773
PPIC,3774
PRDM6,3775
MARCHF3,3776
PRRC1,3777
SLC12A2,3778
ISOC1,3779
ADAMTS19,3780
CHSY3,3781
GM4951,3782
IIGP1,3783
RBM22,3784
SYNPO,3785
RPS14,3786
CD74,3787
PDGFRB,3788
CSF1R,3789
SLC26A2,3790
ARHGEF37,3791
GRPEL2,3792
AFAP1L1,3793
SH3TC2,3794
GM36368,3795
PIEZO2,3796
TXNL1,3797
FECH,3798
NARS,3799
ALPK2,3800
MALT1,3801
CCBE1,3802
CHMP1B,3803
MPPE1,3804
CEP76,3805
LDLRAD4,3806
RAB27B,3807
STARD6,3808
DCC,3809
MAPK4,3810
SMAD7,3811
ZBTB7C,3812
ST8SIA5,3813
ATP5A1,3814
SLC14A2,3815
PARD6G,3816
SLC66A2,3817
KCNG2,3818
DIPK1C,3819
GM17266,3820
CYB5A,3821
SOCS6,3822
CD226,3823
GM45871,3824
IGHMBP2,3825
TCIRG1,3826
UNC93B1,3827
TMEM134,3828
CORO1B,3829
PTPRCAP,3830
RPS6KB2,3831
CARNS1,3832
TBC1D10C,3833
PPP1CA,3834
CLCF1,3835
SSH3,3836
GRK2,3837
SYT12,3838
BBS1,3839
TMEM151A,3840
RAB1B,3841
GAL3ST3,3842
BANF1,3843
FIBP,3844
CTSW,3845
EFEMP2,3846
MUS81,3847
RNASEH2C,3848
LTBP3,3849
SLC25A45,3850
CDC42EP2,3851
TM7SF2,3852
CDCA5,3853
SNX15,3854
PYGM,3855
RASGRP2,3856
RPS6KA4,3857
PLCB3,3858
PLAAT3,3859
SLC22A8,3860
WDR74,3861
TAF6L,3862
POLR2G,3863
HNRNPUL2,3864
GM49416,3865
TUT1,3866
INCENP,3867
FTH1,3868
FEN1,3869
MYRF,3870
SDHAF2,3871
CYB561A3,3872
DDB1,3873
VPS37C,3874
CD5,3875
CD6,3876
SLC15A3,3877
MS4A8A,3878
MS4A1,3879
MS4A7,3880
MS4A4A,3881
MS4A4C,3882
MS4A4B,3883
MS4A6C,3884
GM8369,3885
MS4A6B,3886
MPEG1,3887
DTX4,3888
LPXN,3889
GNA14,3890
GCNT1,3891
RFK,3892
PCSK5,3893
TRPM6,3894
ALDH1A1,3895
GDA,3896
PIP5K1B,3897
VLDLR,3898
SLC1A1,3899
AK3,3900
RCL1,3901
PDCD1LG2,3902
IL33,3903
GLDC,3904
ACTA2,3905
FAS,3906
IFIT1BL1,3907
IFIT3B,3908
IFIT1,3909
SLC16A12,3910
PANK1,3911
PPP1R3C,3912
FGFBP3,3913
BTAF1,3914
MARCHF5,3915
FFAR4,3916
LGI1,3917
HELLS,3918
ENTPD1,3919
BLNK,3920
OPALIN,3921
LCOR,3922
ARHGAP19,3923
EXOSC1,3924
UBTD1,3925
AVPI1,3926
MARVELD1,3927
PYROXD2,3928
CNNM1,3929
CUTC,3930
ABCC2,3931
CYP2C23,3932
PKD2L1,3933
SCD3,3934
SCD2,3935
MRPL43,3936
LZTS2,3937
BTRC,3938
KCNIP2,3939
PPRC1,3940
TRIM8,3941
AS3MT,3942
TAF5,3943
SLK,3944
COL17A1,3945
CFAP58,3946
SORCS3,3947
MXI1,3948
GPAM,3949
TCF7L2,3950
ABLIM1,3951
PNLIP,3952
VAX1,3953
SFXN4,3954
GRK5,3955
NUDT10,3956
USP27X,3957
PPP1R3F,3958
CCDC22,3959
WDR45,3960
CCDC120,3961
OTUD5,3962
GATA1,3963
WAS,3964
WDR13,3965
B630019K06RIK,3966
XK,3967
CYBB,3968
SYTL5,3969
OTC,3970
ATP6AP2,3971
MED14,3972
GPR34,3973
MAOB,3974
NDP,3975
EFHC2,3976
FUNDC1,3977
DIPK2B,3978
ZFP300,3979
SLC25A5,3980
RPL39,3981
AKAP14,3982
NDUFA1,3983
ZBTB33,3984
LAMP2,3985
C1GALT1C1,3986
TENM1,3987
RAB33A,3988
ZFP280C,3989
FRMD7,3990
GPC3,3991
PLAC1,3992
MOSPD1,3993
INTS6L,3994
FHL1,3995
ZIC3,3996
FGF13,3997
MCF2,3998
FMR1,3999
AFF2,4000
IDS,4001
MTM1,4002
HMGB3,4003
VMA21,4004
GABRA3,4005
NSDHL,4006
ZFP185,4007
XLR5A,4008
ATP2B3,4009
PLXNB3,4010
SRPK3,4011
SSR4,4012
RENBP,4013
DNASE1L1,4014
FAM50A,4015
G6PDX,4016
MPP1,4017
F8,4018
FUNDC2,4019
CMC4,4020
PLS3,4021
TMEM47,4022
DMD,4023
TAB3,4024
KLHL15,4025
ASB12,4026
MSN,4027
VSIG4,4028
EDA2R,4029
AR,4030
OPHN1,4031
YIPF6,4032
STARD8,4033
EFNB1,4034
TMEM28,4035
EDA,4036
PDZD11,4037
SLC7A3,4038
IL2RG,4039
MED12,4040
PIN4,4041
ERCC6L,4042
CITED1,4043
HDAC8,4044
NAP1L2,4045
CYSLTR1,4046
GM5127,4047
LPAR4,4048
P2RY10,4049
GPR174,4050
ITM2A,4051
CYLC1,4052
RPS6KA6,4053
POF1B,4054
DACH2,4055
KLHL4,4056
UBE2DNL1,4057
CPXCR1,4058
PCDH11X,4059
GM382,4060
DRP2,4061
HNRNPH2,4062
ARMCX3,4063
ARMCX2,4064
ARXES1,4065
MORF4L2,4066
PLP1,4067
RAB9B,4068
TMSB15B2,4069
ZCCHC18,4070
IL1RAPL2,4071
NRK,4072
PWWP3B,4073
ATG4A,4074
GUCY2F,4075
CAPN6,4076
RTL4,4077
AMOT,4078
ALAS2,4079
TRO,4080
RIBC1,4081
KANTR,4082
NBDY,4083
CNKSR2,4084
EIF1AX,4085
RAI2,4086
REPS2,4087
RBBP7,4088
GRPR,4089
CAR5B,4090
ACE2,4091
PIGA,4092
MOSPD2,4093
FANCB,4094
TCEANC,4095
EGFL6,4096
TLR8,4097
PRPS2,4098
FRMPD4,4099
ARHGAP6,4100
DDX3Y,4101
USP9Y,4102
MT-ND6,4103
ARID5B,4104
ETV1,4105
SP1,4106
POU3F3,4107
ARID3A,4108
DDIT3,4109
STAT6,4110
PATZ1,4111
HIC1,4112
STAT5B,4113
ZFP740,4114
GABPA,4115
NFYA,4116
MEF2D,4117
ZBTB7B,4118
NR2C2,4119
CNOT3,4120
SMAD3,4121
ZFP105,4122
EN1,4123
MEIS1,4124
ATF4,4125
ZBTB3,4126
GABPB2,4127
TCF3,4128
ZBTB7A,4129
NFIC,4130
SREBF1,4131
THRA,4132
FOXJ1,4133
E2F6,4134
NFIL3,4135
SMAD5,4136
EGR3,4137
MAFA,4138
SOX10,4139
SMAD2,4140
MTF1,4141
MZF1,4142
ZFP143,4143
JUND,4144
ELK1,4145
TRP53,4146
TBP,4147
ZBTB12,4148
SRF,4149
CREB1,4150
NFYB,4151
MAFG,4152
FOS,4153
JDP2,4154
GTF2I,4155
KLF7,4156
PARP1,4157
NFE2L1,4158
HES1,4159
TEF,4160
EN2,4161
IKZF2,4162
ZFP281,4163
GZF1,4164
ZFP128,4165
SPIB,4166
ELF3,4167
REL,4168
HOMEZ,4169
KLF15,4170
EGR2,4171
E2F3,4172
IRF3,4173
SOX1,4174
MYC,4175
BACH1,4176
DBP,4177
ELK4,4178
PBX1,4179
BPTF,4180
SOX11,4181
SOX4,4182
SP3,4183
HLTF,4184
FOXJ2,4185
ERF,4186
RFX1,4187
CBFB,4188
PKNOX2,4189
FOXO4,4190
SP2,4191
BRCA1,4192
ZFP410,4193
FOXH1,4194
TRP73,4195
BCL6B,4196
BHLHE40,4197
ZIC1,4198
USF1,4199
YY1,4200
EP300,4201
CEBPD,4202
ZEB1,4203
RFX3,4204
IRF2,4205
HDX,4206
PKNOX1,4207
STAT1,4208
HOXC6,4209
HOXC5,4210
RXRB,4211
RELA,4212
RFX5,4213
NFIX,4214
MYCN,4215
ETV5,4216
CREM,4217
PBX3,4218
MAZ,4219
SMAD1,4220
TCF12,4221
RFX7,4222
FOXG1,4223
CDC5L,4224
TEAD1,4225
ZFP423,4226
SMAD4,4227
ARNT,4228
ARID5A,4229
MYOG,4230
E2F7,4231
EWSR1,4232
TCF7,4233
SP4,4234
ZIC2,4235
PPARA,4236
ATF1,4237
PPARD,4238
PBX2,4239
EGR1,4240
SOX12,4241
FOXJ3,4242
NFYC,4243
MXD4,4244
GTF2IRD1,4245
UNCX,4246
FOXK1,4247
TRIM28,4248
FOSB,4249
ARNTL,4250
DEAF1,4251
ZBTB16,4252
HINFP,4253
PLAG1,4254
